assists_team,"{'compLexity Gaming': [46, 53, 34, 63, 25], 'OG Dota2': [44, 15, 70, 70, 45, 51, 51, 30, 54, 125, 18, 33, 31, 81], 'iG.Vitality': [46, 43, 28, 64, 64, 34, 89], 'Team Secret': [14, 66, 84, 53, 85, 74, 42, 34, 7, 56, 39], 'Alliance': [51, 45, 51, 59, 59, 93, 50, 22, 63], 'Natus Vincere': [46, 46, 40, 107, 59, 90, 12, 95, 52, 21, 60, 37, 45, 23, 108, 29, 139, 43, 86, 96, 34, 73, 61], 'Kaipi': [36, 68, 23, 46], 'MVP Phoenix': [80, 61, 17, 71, 66, 81, 73, 49, 60], 'Polarity Dota 2': [162, 58, 71, 20, 67], 'Mineski.Sports5': [35, 80, 35], 'CDEC.Avengers': [74, 48], 'Friendship, Dedication, Love': [13, 38, 37, 42], 'Team. Spirit': [18, 65, 128, 26], 'Fnatic': [65, 24, 5, 65, 65, 40, 57, 31, 72, 28, 48, 41, 46, 31, 57, 73, 39, 30, 28, 80, 66], 'CDEC Gaming': [48, 65, 34, 83, 82, 86, 24], 'Team Liquid': [50, 94, 57, 48, 23, 55, 10, 62, 71, 51, 65, 56, 61, 29, 73], 'FlipSid3 Tactics': [61, 26, 65, 33, 60, 50, 8, 47], 'the wings gaming': [65, 34, 21, 92, 67, 56, 113, 71, 100, 3, 84], 'Team Empire': [20, 62, 76, 52, 79, 43, 24, 37, 51], 'friends': [70, 49, 32, 31, 63, 89, 23, 24, 58, 34], 'Team AD FINEM': [141, 69, 64, 20, 91, 53, 34, 65, 98, 34, 18, 116, 65, 82, 42, 42, 28], 'EHOME.KEEN': [50, 10, 26, 93, 59, 33], 'Digital Chaos': [47, 58, 78, 72, 35, 18, 14, 67, 18, 39, 63, 89, 16, 33], 'Team Braveheart': [57, 127], '_PowerRangers': [21, 33, 56, 13, 118, 43, 22, 78, 54, 57, 72, 53, 63, 31, 96, 92], 'Evil Geniuses': [45, 42, 87, 39, 7, 62, 39], 'TongFu|': [32, 17], 'Vega Squadron': [51, 70, 56, 97, 48, 11, 64, 72, 84, 68, 37, 9, 22], 'Escape Gaming': [68, 53, 78, 73, 57, 35, 66, 41, 81, 48, 56], 'CDEC.Youth': [31, 20, 28, 20, 88], 'Virtus.pro': [62, 28]}"

gpm_hero,"{1: [762, 711, 813, 801, 794, 760, 790, 797, 694, 546, 871], 2: [467, 404, 320, 370, 429, 410, 343, 327, 554, 456, 376, 445, 264, 344, 458, 335, 404, 544, 524, 339, 225, 278, 305, 603, 398], 3: [262, 214, 192, 276], 5: [254, 395, 215, 312, 259, 413, 296], 6: [576, 740, 645, 426, 412, 644, 550, 647, 561, 519, 579, 588, 648, 457, 543, 513, 437, 535, 370, 527, 433, 486, 669, 537, 589, 408, 652, 703, 476, 389, 382, 408], 7: [366, 272, 256, 196], 8: [501, 402, 600, 544, 572, 428, 652, 455, 603, 470, 525, 570, 318, 475, 597, 549, 590, 569, 563, 598, 643, 611, 577, 570, 715, 726, 404, 392, 340, 728, 434, 574, 746, 545, 627, 709, 467, 555, 560, 582, 623, 507], 9: [698, 659, 384, 585, 551, 610, 563, 542, 569, 565, 633, 308, 529, 636, 610, 496, 474, 661, 504, 517, 419, 627, 515, 575, 557, 510, 347, 499, 574, 605, 595, 668, 318, 239, 575, 386], 10: [618, 782, 689, 439, 523, 727, 776, 699, 582, 384, 526, 557, 416, 402], 11: [502, 668], 12: [486, 445, 487], 13: [575, 379, 410, 355, 470, 555, 428, 516, 571, 360, 401, 445, 529], 14: [408], 15: [582, 652], 16: [501, 563, 526, 344, 440, 410, 269, 383, 428, 299, 466, 344, 498, 555, 479, 452], 17: [468, 439, 432, 524, 477, 630, 622, 510, 394, 349, 512, 395, 666, 363], 18: [681, 421, 657, 775, 608, 605, 538, 545, 507, 514, 670, 535, 553], 19: [431, 459, 546], 20: [324, 182, 204, 373, 191, 270, 263, 359, 184, 167, 260, 183, 182, 265, 204, 263, 180, 166, 208, 196, 236, 199, 230, 237], 21: [510, 592, 339], 22: [579, 456, 484, 440, 613, 356], 23: [278, 345, 210, 211, 203, 329, 235, 261, 421, 305, 228, 338, 278, 618, 212], 25: [440, 211, 424, 586], 26: [222, 178, 251, 225, 325, 295, 281, 269, 255, 317, 268, 248, 216, 283, 274, 289, 254, 222, 284, 238, 273, 234, 208, 287], 27: [254, 271, 368, 383, 398], 28: [322, 218, 354, 213, 335, 399, 484, 338, 249, 335, 279, 304, 384, 269, 436, 415, 383, 252, 463, 387, 410, 360, 354, 436, 428, 389], 29: [327, 322, 475, 474, 326, 292, 372, 380, 427, 379, 392, 357, 402, 409, 357, 463, 394, 446, 318, 288, 332, 325, 420, 431, 306, 322], 30: [265, 346, 266, 244, 284, 375, 293, 222, 240, 253, 379, 319, 283, 240, 227, 377], 31: [246, 212, 253, 215, 245, 219], 32: [251, 233, 297, 233, 242, 283, 193, 254, 182, 294, 345, 369, 163, 249, 169, 248, 287, 271, 260, 416, 180, 241, 230, 402, 314, 265], 33: [455, 320, 328, 368, 434], 34: [462, 511, 432, 628, 396, 508, 633, 544, 661, 542, 576, 624, 513, 566], 35: [601, 461], 36: [552], 37: [393, 195], 38: [428, 394, 396, 314, 318, 312, 391, 318, 316, 422, 320, 562, 436, 519, 392, 426, 340, 374, 410, 406, 397, 398, 350, 494, 340, 333, 401, 489, 488, 488, 291, 341, 359, 438, 513, 478, 421, 560, 411], 39: [417, 614, 417, 641, 442, 245, 398], 40: [330, 407, 413, 378, 567], 41: [403, 368, 322, 529, 463, 384, 482, 270, 449, 398, 421, 326, 475, 441, 622, 511, 272, 409, 474, 355, 729, 571, 550, 456, 399, 568, 393, 402, 410, 434, 343, 372, 427, 328, 414, 511, 308, 366, 342, 386, 441, 426, 488, 428, 328, 448, 399, 505, 400, 325, 453], 42: [612, 575], 43: [380, 514, 579, 518, 437, 608, 494, 572, 517, 431, 379, 549], 44: [544, 585], 45: [395, 476], 46: [511, 545, 568, 702, 642, 545, 621, 611], 47: [559], 48: [833, 499, 731, 532, 813, 369, 515, 292, 702, 626, 731, 673, 743, 609, 397], 49: [558, 462, 455, 473, 394, 441, 454, 482], 50: [303, 254, 293, 296, 327, 277, 206, 262, 371, 227, 269, 307, 204, 237, 299, 197, 270, 218, 207, 221, 222, 206, 212, 173, 313, 209, 217, 296, 195, 189, 280, 207, 385, 198, 271, 282, 174, 306, 313, 406, 221, 205], 51: [326, 287, 356, 197, 400, 261, 294], 53: [555, 631, 677, 459, 430, 409, 587], 54: [440, 499, 560, 569, 405, 595, 518, 638, 385, 673, 530, 487, 521, 392, 656, 638], 55: [484, 400, 387, 389, 438, 376, 415, 368, 358, 445, 334, 391, 487, 486, 517, 331, 281, 433, 317, 458, 303, 481, 435, 474, 500, 442, 306, 363, 435, 324], 56: [595, 349, 394, 523], 57: [299, 346], 58: [227, 434, 361, 446, 240, 274, 370, 492, 376, 364], 59: [608, 649, 351, 385, 525, 412, 472, 419, 608, 597, 675, 441, 382, 602, 551, 565], 60: [447, 383, 321, 299, 214, 323, 369, 376, 351], 61: [421, 527, 416, 327, 548, 544], 62: [284, 278, 222, 199, 361, 485, 275, 172, 375, 419, 486, 200, 395, 396, 357, 295], 63: [326, 590, 499, 465, 509], 64: [245, 342, 366], 65: [398, 327, 418, 336, 450, 418, 361, 435, 374, 404, 408, 310, 387, 473, 258, 298, 353, 236, 388, 365, 374, 310, 281, 313, 351, 453, 368, 369, 332, 405, 354, 382, 499, 450, 383, 337, 347, 422, 278, 437, 389, 361, 400, 344, 351, 362], 66: [465, 305, 309, 394, 430, 374, 368, 341, 372, 242, 377, 361], 67: [456, 345], 68: [199, 456, 269, 249, 246, 314, 308, 248, 200, 446, 181, 259, 310, 417, 292, 231], 69: [251, 375, 452, 348, 365], 70: [355, 307, 527, 410, 548, 556, 454, 522, 408], 71: [416, 257, 200, 377, 250], 72: [500, 590, 423], 73: [527, 999, 695, 997, 957, 1029, 503, 487, 995, 557, 788, 1009, 728, 652, 1054, 1022, 780], 74: [621, 616, 671, 656, 316, 549, 378, 400, 465, 557, 471, 657, 400, 609, 730, 478, 574, 582, 473, 515, 722, 695, 494], 75: [334, 508, 338], 76: [833], 77: [487, 437, 537, 551, 496], 78: [462], 79: [387, 156, 202, 282, 304, 263, 271, 178, 360, 199, 190, 304, 276, 207, 278, 384, 374, 309, 364, 371, 273, 346, 343, 281, 259, 366, 358, 206, 279, 357, 312, 231, 370, 303, 188, 163, 309, 292, 248, 378, 220, 250, 292, 248, 184, 166, 244, 314, 174, 226], 80: [644, 663, 687], 81: [330], 82: [457], 83: [199], 84: [225, 273, 217, 228, 252, 326, 157, 156, 213, 247, 316, 171, 200, 230, 176, 251, 199, 212], 85: [168, 181, 380, 160, 311, 276], 86: [316, 160, 307, 303, 291, 266, 398, 309, 279, 275, 349, 219, 293, 173, 339], 87: [294, 249, 242, 309, 288, 226, 232, 244, 235, 295, 290, 293, 178, 352, 220, 200, 278, 249, 181], 88: [402, 198, 353, 393, 336, 333, 321, 272, 375, 227], 89: [718, 744, 316, 627, 714, 599, 838, 566], 90: [253, 306, 344, 262, 317, 230, 356, 149, 341, 464, 217, 294, 365], 91: [137, 178, 407, 248, 240, 226, 342, 322, 285, 373, 175, 261, 185, 253, 275, 193, 202, 208, 252, 301, 349, 279, 278, 280, 322, 198, 211, 259, 201, 235, 185, 360, 296, 254], 92: [224, 272, 187, 304], 93: [704, 708, 720, 641, 459, 523, 483, 652, 677, 431, 782, 420, 538, 488, 572, 467, 440, 464, 727, 669, 645, 740, 493, 632], 94: [713, 547, 700, 692, 536, 676, 540, 585, 716, 466], 95: [628, 538, 432], 96: [417, 460, 354], 97: [472, 443, 389, 278, 349, 348], 98: [498, 465, 531, 683, 605, 721, 365, 504, 529, 393, 419, 667, 345, 551, 532, 622, 736, 373, 460, 546, 403, 478, 506, 419, 744, 428, 478, 516, 510, 633, 679, 548, 518, 362, 660, 671, 621, 643, 728, 379, 615, 377, 442, 512, 410, 488, 603, 504, 286, 509], 99: [534, 546, 659, 664, 313, 599, 515, 593], 100: [268], 101: [440, 219, 158, 284, 247, 399], 102: [215, 457, 454, 247, 360], 103: [303, 370, 331, 163, 349, 282, 289, 338, 305, 199, 377, 390, 363, 286, 288, 271, 396, 289, 267, 284, 270, 280, 349, 270, 249, 388, 282, 244, 288, 250, 289, 333, 217, 297, 225, 237, 311, 343], 104: [393, 306, 561, 447, 333, 289, 363], 106: [669, 552, 620, 754, 638, 459, 498, 658, 394, 609, 445, 606, 714], 107: [254, 263, 277, 226, 371, 186, 266, 165, 298, 264, 287, 231, 279, 306, 247, 229, 285, 335, 245, 208, 169, 372, 291, 285, 209, 298], 109: [573, 579, 550, 350, 727, 637, 563, 657, 570, 712, 761, 616, 569, 338, 692, 639, 731, 482, 696, 778, 833, 462, 613, 661, 407, 582, 687], 110: [458, 348, 286, 283, 259, 329, 381, 248, 351, 422, 307], 111: [304, 321, 366, 340, 247, 412, 372, 293, 208, 220, 264, 255, 240, 412, 390, 319, 229, 302, 219, 237, 177, 249, 419, 277, 221, 181, 316, 188], 112: [226, 372, 234, 240, 351, 210, 307, 333, 274, 338, 250]}"

win_hero,"{1: 8, 2: 12, 3: 2, 5: 4, 6: 17, 7: 1, 8: 18, 9: 20, 10: 7, 11: 1, 12: 2, 13: 7, 14: 1, 15: 2, 16: 10, 17: 5, 18: 4, 20: 10, 21: 2, 22: 5, 23: 5, 25: 2, 26: 10, 27: 3, 28: 11, 29: 11, 30: 8, 31: 3, 32: 12, 33: 3, 34: 6, 35: 1, 36: 1, 37: 1, 38: 18, 39: 2, 40: 4, 41: 31, 42: 1, 43: 7, 44: 1, 45: 1, 46: 4, 48: 8, 49: 3, 50: 19, 51: 2, 53: 4, 54: 9, 55: 11, 56: 2, 57: 1, 58: 6, 59: 9, 60: 6, 61: 2, 62: 9, 63: 1, 64: 1, 65: 21, 66: 8, 68: 10, 69: 1, 70: 6, 71: 3, 72: 1, 73: 8, 74: 10, 75: 2, 76: 1, 77: 2, 79: 25, 80: 3, 84: 7, 85: 2, 86: 10, 87: 9, 88: 6, 89: 4, 90: 7, 91: 17, 93: 13, 94: 7, 95: 1, 96: 1, 97: 4, 98: 24, 99: 5, 100: 1, 101: 3, 102: 2, 103: 25, 104: 2, 106: 9, 107: 13, 109: 13, 110: 6, 111: 17, 112: 4}"

lost_hero,"{1: 3, 2: 13, 3: 2, 5: 3, 6: 15, 7: 3, 8: 24, 9: 16, 10: 7, 11: 1, 12: 1, 13: 6, 16: 6, 17: 9, 18: 9, 19: 3, 20: 14, 21: 1, 22: 1, 23: 10, 25: 2, 26: 14, 27: 2, 28: 15, 29: 15, 30: 8, 31: 3, 32: 14, 33: 2, 34: 8, 35: 1, 37: 1, 38: 21, 39: 5, 40: 1, 41: 20, 42: 1, 43: 5, 44: 1, 45: 1, 46: 4, 47: 1, 48: 7, 49: 5, 50: 23, 51: 5, 53: 3, 54: 7, 55: 19, 56: 2, 57: 1, 58: 4, 59: 7, 60: 3, 61: 4, 62: 7, 63: 4, 64: 2, 65: 25, 66: 4, 67: 2, 68: 6, 69: 4, 70: 3, 71: 2, 72: 2, 73: 9, 74: 13, 75: 1, 77: 3, 78: 1, 79: 25, 81: 1, 82: 1, 83: 1, 84: 11, 85: 4, 86: 5, 87: 10, 88: 4, 89: 4, 90: 6, 91: 17, 92: 4, 93: 11, 94: 3, 95: 2, 96: 2, 97: 2, 98: 26, 99: 3, 101: 3, 102: 3, 103: 13, 104: 5, 106: 4, 107: 13, 109: 14, 110: 5, 111: 11, 112: 7}"

dif_heroes_player,"{19757254: {106, 98, 99}, 51684352: {54}, 119594755: {51, 28, 69, 55}, 123787524: {41, 65, 29, 38}, 86738694: {34, 39, 8, 73, 74, 80}, 136186119: {84, 23}, 173880329: {98, 99, 39, 8, 43, 17}, 103039499: {91, 68, 30, 111}, 123444610: {25, 26, 50, 20, 110}, 6922000: {111, 90, 79}, 134556694: {32, 101, 103, 79, 85, 87, 27, 91, 60}, 137193239: {73, 18, 93, 54}, 86878488: {31, 92, 84, 79}, 93119769: {2, 34, 8, 73, 44, 12, 89, 93}, 26771994: {37, 107, 79, 112, 111, 50, 26, 90}, 30237211: {65, 28, 29, 102}, 158847773: {111, 20, 30, 62}, 88719902: {104, 93, 77, 6}, 87586992: {34, 6, 39, 73, 106, 9, 47, 16}, 89269794: {67, 93, 109, 54}, 103940975: {32, 107, 28, 68, 62}, 86698277: {65, 98, 38}, 131043881: {33, 65, 51, 28, 84}, 168028715: {1, 8, 72, 109, 17, 89}, 89550641: {65, 38, 41, 9, 16, 53, 55, 28}, 87382579: {32, 103, 7, 9, 107, 84, 20, 62}, 94049589: {27, 110}, 100317750: {96, 2, 36, 41, 42, 10, 109, 93, 95}, 86725175: {1, 6, 8, 41, 12, 48, 18, 93}, 86745912: {70, 41, 9, 73, 46, 15, 17}, 72312627: {1, 98, 6, 10, 109, 48, 17, 18, 59}, 113331514: {103, 32, 111, 107, 23}, 87276347: {104, 41, 38, 55}, 91064780: {64, 3, 79, 50, 20, 91, 30}, 75201845: {80, 74, 22}, 172424257: {8, 72, 78, 93, 61, 63}, 129467787: {9}, 101495620: {70, 6, 8, 44, 18, 54, 93}, 86750262: {9, 73}, 86723143: {38, 71, 110, 86, 91, 30}, 86870856: {96, 98, 2, 38, 41, 55, 28, 61, 29}, 92847434: {41, 60, 53, 38}, 86974263: {9, 26, 30, 79}, 106573901: {98, 6, 8, 73, 43, 16, 59}, 106809101: {32, 66, 107, 110}, 169025618: {65, 98, 33, 41, 16, 28, 29}, 101450083: {98, 2, 40, 12, 45, 54, 59}, 102644565: {5, 37, 7, 79, 50, 86, 87, 90, 27, 58}, 148215639: {9, 13}, 5150808: {1, 6, 8, 10, 109, 48, 18, 54, 28, 93}, 98878010: {65, 98, 103, 40, 28, 29}, 90882159: {65, 34, 9, 74, 49, 94}, 49317728: {65, 2, 29, 38}, 182439266: {2, 43, 34, 45}, 86785083: {38, 41, 55, 88, 28, 29}, 94338967: {55, 41, 64, 60, 71}, 11550182: {79, 91, 69, 103}, 92949094: {103, 107, 86, 87, 26, 91}, 192914280: {98, 74, 13}, 18180970: {111, 50, 91, 5, 79}, 19672354: {96, 6, 8, 41, 72, 109, 23, 89, 59, 93}, 89117038: {9, 26, 107, 86, 103}, 101586543: {98, 39, 8, 9, 74, 17, 49, 21}, 170532209: {41, 18, 67, 95}, 102099826: {66, 68, 103, 107, 79, 50, 84, 86, 23, 87, 89, 58, 91, 88}, 112377459: {32, 90, 91, 62, 31}, 136624722: {25, 111}, 50828662: {50, 107, 23}, 87177591: {8, 6, 77, 109, 63}, 89246836: {89, 6}, 82327674: {88, 28}, 93616251: {65, 99, 38, 41, 110, 16, 88, 57, 28, 29}, 53178236: {1, 42, 10, 106, 109, 18}, 114817642: {112, 91}, 89625472: {1, 81, 54, 95}, 4281729: {31, 50, 90, 68, 87}, 76482434: {65, 38, 80, 53, 55, 61}, 86727555: {5, 20, 68, 30, 79}, 105248644: {1, 34, 2, 8, 74, 11, 76, 17, 22, 94}, 134903105: {40, 31}, 82262664: {103, 104, 9, 14, 50, 51, 22, 92, 62}, 124566285: {41, 38}, 103729052: {90, 20}, 38628747: {65, 2, 38, 104, 41, 55, 28}, 3916428: {32, 86, 84, 102, 103}, 176184718: {33, 66, 3, 69, 38, 5, 79, 50, 87, 58, 27, 60}, 123854991: {65, 1, 6, 41, 109, 54, 56}, 27178898: {65, 38, 41, 51, 55, 28, 60}, 94155156: {68, 111, 79, 50, 83, 85, 90, 26}, 96169991: {49, 43}, 93552791: {68, 71, 103, 107, 79, 50, 84}, 135270298: {111, 9, 86, 23}, 117421467: {103, 110, 111, 112, 20, 85, 91, 62}, 86802844: {2, 38, 41, 51, 55, 28, 61, 60}, 112250781: {65, 2, 38, 7, 16, 55, 28, 29}, 91369376: {8, 41, 10}, 113372833: {97, 34, 65, 35, 6, 39, 8, 9, 43, 13, 17, 22, 23, 94}, 116585378: {65, 98, 34, 97, 6, 8, 106, 109, 13, 46, 17, 59, 63}, 91460772: {64, 111, 112, 50, 86, 23, 87, 27}, 87278757: {2, 103, 40, 57, 90, 58}, 145550466: {31, 107, 50, 20, 30, 62}, 84429681: {65, 98, 38, 41, 9, 55, 29, 61}, 117990312: {40, 87, 84, 30, 23}, 256269737: {103, 79}, 132851371: {98, 6, 10, 17, 59, 94}, 186627166: {50, 85}, 86700461: {65, 70, 9, 74, 106, 13, 16, 49, 82, 21, 25, 94}, 182993582: {111, 26, 91, 86, 79}, 76173488: {65, 41, 28}, 70388657: {97, 2, 98, 34, 65, 8, 73, 74, 11, 9, 16, 21}, 140153524: {26, 50, 84, 61, 5}, 95430068: {1, 98, 8, 106, 109, 18, 59, 93}, 221666230: {73, 98, 46}, 111291593: {65, 99, 28, 29, 38}, 88933594: {2, 99, 54, 55, 28, 29}, 131237305: {79, 55, 20, 110, 23}, 123737728: {6}, 43276219: {70, 6, 9, 10, 109, 15}, 96196828: {9, 73}, 75750590: {3, 68, 101, 79, 112, 111, 20, 86, 23, 87}, 111114687: {32, 111, 84, 20, 26, 91, 30}, 103735745: {2, 68, 75, 110, 111, 112, 79, 20, 87, 26, 30}, 86799300: {8, 9, 74, 98, 94}, 89871557: {65, 98, 8, 73, 74, 106, 10, 109, 9, 48, 25, 94}, 86953414: {32, 68, 101, 75, 110, 79, 50, 86, 87, 26}, 90423751: {32, 65, 98, 34, 69, 103, 71, 73, 16, 58, 90}, 25907144: {2, 100, 69, 103, 7, 107, 91}, 111620041: {9, 97, 17, 68, 111}, 169181898: {99, 104, 73, 106, 109, 77, 54, 56, 89, 59, 93, 63}, 250114507: {74, 43, 22}, 118134220: {65, 2, 38, 71, 104, 51, 53, 55, 29}, 12231202: {98, 59, 19, 46}, 107081378: {112, 50, 60, 92, 87}, 41231571: {65, 97, 98, 106, 43, 49, 19}, 20321748: {112, 33, 101, 111}, 111189717: {41, 49, 35, 65}, 73562326: {32, 98, 103, 79, 88, 60}, 136477860: {17, 98}, 91443418: {26, 87}, 88521435: {20, 68}, 125581247: {8, 9, 59, 93, 6}, 111034589: {32, 101, 79, 111, 50, 20, 87, 26, 30}, 138885864: {10, 29}, 129585121: {1, 6, 41, 75, 48, 89, 59, 93}, 123051238: {6, 8, 41, 10, 48, 18, 93}, 85375207: {26, 91}, 113874152: {2}, 175538337: {10}, 86840554: {34, 98, 106, 43, 46, 17, 49, 19}, 107855479: {98, 70, 73, 74, 43, 13, 46}, 63703276: {98, 109, 48, 18, 54, 93, 63}, 142750189: {33, 103, 112, 84, 85, 92}, 303809009: {73, 109}, 34505203: {2, 98, 38, 41, 88, 29}, 89137399: {58, 3, 66, 30}, 41288955: {68, 5, 50, 87, 26, 30}}"

assists_player,"{19757254: [5, 17, 2, 7], 51684352: [11, 20], 119594755: [8, 2, 8, 22, 12, 6], 123787524: [16, 8, 17, 6, 14, 13, 0, 11], 86738694: [13, 11, 7, 7, 11, 5, 19, 12], 136186119: [9, 4], 173880329: [8, 3, 1, 14, 10, 5, 14], 103039499: [11, 9, 9, 14, 12, 5, 21], 123444610: [12, 5, 8, 10, 17, 7, 3, 8], 6922000: [4, 14, 16, 14, 18, 19, 10, 7, 4, 13, 7], 134556694: [11, 13, 11, 28, 10, 3, 10, 19, 23, 17, 5, 2, 4], 137193239: [3, 9, 4, 5, 6, 4, 8], 86878488: [1, 10, 3, 7], 93119769: [19, 16, 4, 10, 5, 10, 15, 6, 9], 26771994: [6, 18, 12, 10, 5, 13, 3, 14, 15, 12, 12, 16, 15, 7, 14], 30237211: [1, 20, 21, 14, 22, 16, 8, 6, 2, 12, 10], 158847773: [11, 4, 7, 20, 13, 11], 88719902: [7, 15, 2, 11], 87586992: [13, 8, 8, 2, 4, 13, 19, 5, 4, 2, 8, 4], 89269794: [27, 12, 15, 3, 10], 103940975: [13, 12, 7, 17, 17, 10, 23], 86698277: [8, 14, 7, 7], 131043881: [7, 2, 6, 7, 22], 168028715: [8, 2, 3, 16, 12, 5], 89550641: [6, 8, 7, 25, 14, 13, 3, 21, 10, 5, 14, 9, 8, 4, 25, 10, 39, 8, 17, 19, 10, 14, 16], 87382579: [11, 14, 16, 19, 10, 6, 3, 16, 4, 10, 18, 18, 5, 7], 94049589: [12, 7], 100317750: [10, 5, 16, 15, 13, 13, 8, 7, 7], 86725175: [2, 8, 9, 10, 5, 4, 3, 14, 1, 4, 9, 16, 5, 5], 86745912: [4, 11, 18, 3, 14, 11, 10, 5, 0, 8, 8], 72312627: [12, 16, 10, 9, 3, 8, 4, 13, 6, 6, 10, 6, 9, 8, 7], 113331514: [5, 14, 16, 15, 20, 8, 7, 10, 11], 87276347: [13, 6, 16, 11, 0, 12, 6], 91064780: [19, 11, 28, 8, 6, 4, 12, 13, 18, 2, 3, 8, 13, 12, 9], 75201845: [11, 12, 9], 172424257: [11, 10, 6, 9, 10, 9, 4], 129467787: [25], 101495620: [6, 11, 10, 9, 10, 13, 11, 4, 6], 86750262: [15, 10], 86723143: [7, 13, 3, 33, 10, 6], 86870856: [6, 4, 10, 1, 17, 8, 2, 23, 11, 7, 13, 12, 13, 7, 20, 21], 92847434: [4, 11, 25, 4], 86974263: [0, 11, 8, 5], 106573901: [10, 17, 11, 13, 11, 15, 7, 1], 106809101: [27, 15, 14, 3, 21], 169025618: [14, 16, 19, 10, 8, 5, 5, 6, 14, 13, 12], 101450083: [12, 13, 2, 12, 16, 7, 10, 11, 10], 102644565: [15, 9, 5, 25, 13, 12, 24, 13, 22, 1, 16], 148215639: [18, 7], 5150808: [10, 10, 8, 8, 7, 3, 15, 4, 7, 12, 8, 1, 6], 98878010: [12, 13, 8, 8, 19, 21, 5], 90882159: [6, 17, 8, 18, 14, 15, 4], 49317728: [9, 7, 9, 15, 4], 182439266: [10, 0, 5, 12, 11, 5], 86785083: [4, 10, 16, 11, 13, 10, 4, 7, 7], 94338967: [40, 11, 19, 5, 15], 11550182: [11, 3, 18, 7, 12, 1], 92949094: [25, 14, 16, 5, 20, 11, 11, 14, 25, 9, 5, 18, 12, 24, 12, 11, 6], 192914280: [5, 20, 5], 18180970: [10, 13, 8, 7, 5], 19672354: [12, 1, 15, 22, 11, 9, 10, 8, 9, 23, 2, 5, 5, 12], 89117038: [17, 13, 16, 19, 16, 11, 22, 11, 21, 10, 12], 101586543: [12, 8, 2, 14, 12, 9, 16, 18, 18, 0, 11], 170532209: [3, 4, 8, 14], 102099826: [17, 5, 1, 11, 12, 10, 16, 6, 25, 6, 11, 9, 14, 7, 13, 14, 8, 8, 5, 13, 21], 112377459: [14, 8, 4, 19, 17, 29, 20, 8, 14], 136624722: [15, 21], 50828662: [9, 10, 7, 18, 8], 87177591: [11, 6, 15, 4, 2, 10, 10], 89246836: [15, 7], 82327674: [7, 2], 93616251: [17, 5, 1, 17, 18, 6, 14, 7, 13, 6, 8, 8, 9, 7, 16, 14, 5, 9, 9, 23, 18], 53178236: [8, 6, 12, 5, 11, 1, 2, 6], 114817642: [2, 11], 89625472: [4, 13, 23, 9], 4281729: [14, 8, 16, 17, 13, 3, 15, 10, 19, 9, 13], 76482434: [13, 4, 12, 17, 12, 23, 10, 6, 12], 86727555: [7, 9, 17, 9, 4, 12, 4], 105248644: [1, 1, 9, 7, 5, 7, 10, 9, 6, 14, 3, 6, 3, 17], 134903105: [11, 35], 82262664: [11, 23, 14, 10, 7, 15, 1, 12, 21, 10, 16, 14, 15, 4, 19], 124566285: [12, 26], 103729052: [13, 9], 38628747: [8, 5, 10, 14, 9, 8, 11, 2, 10, 31, 2, 4, 7, 23], 3916428: [12, 11, 12, 9, 8, 21, 7, 5, 16], 176184718: [10, 8, 11, 18, 13, 16, 3, 17, 8, 5, 13, 11, 13, 7, 22, 5, 29, 7, 19, 24, 5, 24, 10], 123854991: [5, 8, 6, 18, 20, 11, 6], 27178898: [35, 14, 10, 6, 23, 9, 5, 11, 15, 7, 5, 27, 17, 18, 8, 10, 4], 94155156: [11, 4, 16, 9, 7, 13, 11, 5, 18, 26, 5, 11, 7, 13], 96169991: [10, 6], 93552791: [16, 16, 10, 10, 10, 15, 15, 8, 7, 5, 16, 8], 135270298: [7, 13, 28, 9], 117421467: [13, 13, 8, 23, 12, 29, 3, 26, 13, 2, 10, 6, 5, 4, 25, 4, 33, 5, 21, 26, 15, 9, 14, 20, 16], 86802844: [7, 17, 9, 19, 4, 2, 19, 12, 22, 16, 5, 3, 3], 112250781: [15, 15, 11, 8, 7, 15, 22, 4, 5, 7, 14, 6], 91369376: [4, 12, 8], 113372833: [2, 1, 2, 18, 13, 18, 9, 6, 7, 23, 6, 5, 1, 7, 8, 10, 10, 23, 20], 116585378: [10, 5, 0, 20, 12, 8, 5, 7, 13, 1, 9, 6, 7, 1, 9, 14, 12, 0, 2, 14, 11], 91460772: [13, 13, 17, 19, 14, 2, 9, 15, 17, 16, 10, 2, 4], 87278757: [4, 10, 19, 13, 13, 14, 9, 6, 1, 16, 11], 145550466: [14, 15, 5, 15, 17, 9, 16, 12, 17], 84429681: [13, 14, 13, 11, 9, 3, 4, 13, 6, 4, 13, 17, 2, 7], 117990312: [13, 2, 3, 23, 11, 6], 256269737: [10, 16, 7], 132851371: [2, 11, 13, 12, 18, 7, 3, 6, 12], 186627166: [18, 12], 86700461: [11, 9, 18, 15, 6, 3, 2, 14, 2, 8, 9, 19, 2, 6], 182993582: [7, 14, 13, 7, 13, 8, 5, 6, 11], 76173488: [4, 7, 12, 10], 70388657: [7, 8, 8, 20, 8, 21, 1, 14, 8, 3, 6, 6, 9, 3, 23, 3, 25, 13, 12, 12, 7, 10, 9], 140153524: [11, 13, 7, 17, 10, 23, 5], 95430068: [27, 12, 9, 2, 8, 8, 3, 15, 24, 7, 2, 16, 11, 17, 9, 3, 10], 221666230: [5, 6, 6, 6], 111291593: [11, 10, 7, 14, 19, 10, 23], 88933594: [21, 9, 2, 15, 11, 26, 12, 12, 10], 131237305: [8, 6, 8, 4, 20], 123737728: [5], 43276219: [1, 11, 10, 9, 18, 14, 10, 0, 7, 3], 96196828: [23, 22, 5], 75750590: [6, 9, 9, 3, 26, 6, 3, 11, 12, 15, 19, 13, 16, 6, 22, 16], 111114687: [16, 6, 7, 17, 16, 16, 29, 14, 23, 0, 15], 103735745: [10, 13, 22, 17, 5, 2, 2, 10, 5, 13, 14, 19, 2, 8], 86799300: [8, 15, 11, 10, 3, 6, 2, 12, 12, 8, 12, 11, 12, 3, 15], 89871557: [11, 4, 0, 5, 15, 8, 11, 6, 5, 6, 12, 6, 7, 8, 9, 13, 7, 5, 6, 15, 7], 86953414: [28, 18, 12, 6, 19, 15, 7, 9, 22, 4, 5, 33, 12, 14, 8, 11, 6], 90423751: [3, 9, 12, 2, 25, 13, 7, 18, 17, 12, 15, 6, 15, 8, 17, 20], 25907144: [12, 4, 20, 18, 13, 14, 9, 6, 11, 31, 6, 7, 9, 16], 111620041: [6, 10, 17, 5, 0, 12, 7], 169181898: [10, 9, 6, 21, 12, 11, 2, 17, 13, 6, 17, 5, 10, 5, 13, 7, 13, 10, 17, 15, 3, 11, 6], 250114507: [40, 12, 10, 6, 1, 8, 9], 118134220: [11, 6, 6, 21, 13, 11, 27, 10, 21, 1, 24], 12231202: [7, 13, 4, 13, 4], 107081378: [4, 5, 4, 2, 16], 41231571: [10, 8, 5, 14, 13, 16, 9, 3, 14], 20321748: [6, 9, 10, 10], 111189717: [5, 4, 4, 6, 15], 73562326: [8, 11, 22, 10, 1, 16, 12], 136477860: [5, 5], 91443418: [10, 17, 7], 88521435: [6, 4], 125581247: [7, 3, 6, 1, 15], 111034589: [10, 5, 3, 12, 8, 8, 11, 5, 16, 9, 8, 12, 9, 8, 10, 18, 7, 8, 6, 15, 9], 138885864: [10, 13], 129585121: [11, 5, 1, 15, 13, 8, 17, 16, 16, 1, 18], 123051238: [7, 11, 9, 6, 6, 8, 15, 4, 5, 2, 8, 7], 85375207: [10, 13], 113874152: [6, 15, 8], 175538337: [8], 86840554: [14, 4, 10, 5, 6, 14, 2, 6], 107855479: [26, 11, 17, 1, 21, 10, 8, 16, 12, 7, 1, 22, 13, 9, 5, 7, 2], 63703276: [4, 4, 12, 4, 22, 7, 4, 20, 5, 13, 15, 15, 9, 4, 14, 15], 142750189: [14, 14, 5, 22, 19, 16, 4], 303809009: [5, 2], 34505203: [13, 22, 10, 9, 5, 13, 0, 11, 17, 15, 15, 9, 10, 7, 18], 89137399: [2, 10, 24, 6], 41288955: [10, 11, 12, 10, 16, 20, 13, 4, 15]}"

last_hits_hero,"{1: [507, 598, 353, 514, 345, 339, 468, 639, 365, 359, 459], 2: [175, 190, 148, 184, 161, 187, 131, 155, 127, 178, 209, 192, 110, 116, 199, 62, 243, 219, 145, 187, 45, 109, 124, 222, 152], 3: [32, 20, 45, 10], 5: [39, 171, 39, 185, 41, 99, 90], 6: [236, 205, 219, 260, 222, 269, 328, 101, 192, 73, 408, 122, 457, 180, 261, 227, 176, 297, 169, 230, 241, 92, 374, 269, 188, 233, 151, 194, 330, 169, 136, 155], 7: [88, 58, 70, 42], 8: [255, 250, 325, 371, 325, 178, 344, 194, 335, 124, 236, 337, 98, 208, 378, 267, 137, 258, 299, 437, 231, 469, 372, 197, 428, 344, 146, 128, 81, 728, 156, 230, 468, 197, 263, 618, 162, 112, 214, 317, 269, 298], 9: [479, 376, 76, 331, 68, 289, 319, 87, 338, 398, 399, 131, 188, 352, 304, 251, 252, 407, 224, 354, 128, 106, 277, 99, 407, 169, 169, 137, 193, 339, 161, 214, 77, 56, 388, 168], 10: [305, 379, 455, 214, 295, 514, 386, 449, 302, 197, 240, 399, 182, 110], 11: [355, 381], 12: [199, 251, 148], 13: [310, 187, 172, 181, 140, 82, 158, 318, 115, 133, 144, 150, 199], 14: [30], 15: [258, 368], 16: [227, 311, 70, 145, 88, 178, 56, 133, 72, 112, 407, 152, 130, 165, 119, 250], 17: [307, 303, 272, 368, 214, 290, 216, 276, 277, 101, 135, 146, 315, 132], 18: [350, 178, 353, 226, 287, 316, 305, 265, 201, 263, 300, 309, 354], 19: [196, 179, 286], 20: [34, 6, 31, 83, 12, 20, 17, 104, 29, 41, 24, 16, 57, 33, 28, 32, 27, 4, 50, 38, 8, 35, 15, 52], 21: [243, 328, 139], 22: [378, 125, 149, 183, 160, 99], 23: [101, 150, 25, 62, 15, 33, 54, 53, 254, 71, 10, 51, 41, 458, 58], 25: [99, 53, 229, 142], 26: [53, 28, 43, 46, 68, 79, 37, 53, 42, 67, 25, 40, 42, 72, 54, 29, 64, 46, 79, 11, 27, 73, 47, 32], 27: [76, 76, 111, 105, 45], 28: [122, 83, 68, 44, 80, 108, 140, 105, 87, 80, 103, 85, 129, 58, 135, 72, 202, 71, 202, 89, 145, 165, 115, 115, 170, 187], 29: [181, 173, 160, 197, 67, 66, 122, 250, 148, 170, 118, 152, 120, 188, 143, 119, 195, 264, 130, 91, 115, 116, 222, 196, 122, 106], 30: [67, 85, 27, 21, 35, 112, 75, 12, 95, 14, 59, 45, 104, 16, 45, 38], 31: [26, 35, 34, 14, 32, 38], 32: [25, 37, 39, 33, 22, 30, 8, 39, 12, 8, 49, 62, 7, 28, 13, 19, 39, 26, 11, 26, 5, 43, 18, 48, 37, 48], 33: [258, 152, 154, 136, 156], 34: [285, 396, 165, 310, 192, 264, 631, 315, 380, 411, 334, 229, 373, 194], 35: [313, 180], 36: [263], 37: [19, 22], 38: [261, 201, 259, 91, 135, 35, 175, 141, 133, 63, 195, 93, 237, 168, 153, 134, 174, 201, 206, 176, 152, 205, 133, 85, 127, 65, 118, 77, 239, 91, 118, 135, 126, 196, 147, 81, 143, 204, 181], 39: [136, 237, 230, 512, 127, 82, 147], 40: [139, 187, 194, 150, 177], 41: [147, 61, 84, 157, 145, 195, 235, 80, 178, 157, 116, 135, 128, 121, 387, 190, 94, 58, 287, 224, 597, 304, 359, 232, 180, 243, 153, 131, 279, 195, 187, 208, 203, 120, 187, 217, 200, 106, 94, 102, 114, 252, 299, 163, 135, 220, 210, 240, 218, 137, 150], 42: [192, 377], 43: [101, 210, 226, 218, 172, 261, 394, 172, 310, 176, 168, 219], 44: [273, 87], 45: [139, 190], 46: [222, 239, 262, 236, 247, 317, 263, 346], 47: [355], 48: [414, 332, 310, 316, 406, 83, 327, 45, 273, 437, 424, 401, 369, 215, 179], 49: [227, 125, 263, 166, 201, 195, 188, 192], 50: [32, 42, 39, 78, 52, 45, 54, 44, 34, 45, 57, 48, 38, 50, 63, 53, 88, 58, 77, 61, 37, 48, 69, 41, 67, 61, 24, 65, 30, 27, 30, 45, 71, 43, 26, 59, 20, 142, 152, 109, 68, 44], 51: [44, 37, 146, 15, 129, 59, 66], 53: [299, 46, 547, 168, 269, 177, 186], 54: [235, 205, 275, 292, 205, 203, 262, 158, 240, 271, 407, 163, 224, 137, 268, 261], 55: [269, 205, 222, 173, 196, 196, 266, 108, 192, 258, 141, 149, 230, 244, 218, 75, 78, 346, 185, 179, 92, 209, 250, 128, 183, 317, 108, 142, 261, 193], 56: [165, 93, 164, 158], 57: [130, 79], 58: [84, 71, 202, 128, 83, 121, 120, 116, 98, 133], 59: [188, 86, 161, 157, 276, 225, 94, 197, 280, 113, 123, 211, 124, 135, 95, 130], 60: [173, 142, 86, 127, 49, 157, 82, 190, 66], 61: [218, 270, 203, 115, 226, 249], 62: [24, 9, 21, 19, 45, 9, 25, 5, 47, 19, 38, 14, 36, 17, 15, 39], 63: [69, 290, 296, 314, 256], 64: [63, 245, 127], 65: [169, 93, 167, 143, 98, 118, 158, 91, 101, 162, 125, 156, 133, 124, 146, 172, 197, 80, 168, 177, 159, 147, 117, 134, 169, 159, 173, 72, 194, 137, 168, 98, 143, 258, 147, 89, 114, 163, 100, 98, 158, 108, 198, 154, 147, 127], 66: [61, 97, 211, 235, 150, 106, 53, 192, 115, 83, 100, 76], 67: [135, 219], 68: [16, 147, 59, 21, 58, 17, 27, 42, 10, 79, 18, 60, 57, 65, 54, 19], 69: [79, 108, 83, 78, 103], 70: [150, 113, 178, 191, 126, 198, 190, 163, 138], 71: [167, 41, 18, 98, 33], 72: [239, 227, 263], 73: [155, 502, 274, 422, 596, 398, 143, 107, 257, 139, 186, 284, 211, 165, 224, 353, 341], 74: [182, 173, 310, 260, 127, 378, 100, 127, 227, 446, 207, 460, 118, 340, 507, 187, 185, 356, 251, 223, 327, 596, 205], 75: [112, 283, 62], 76: [121], 77: [281, 173, 316, 205, 304], 78: [250], 79: [90, 24, 32, 105, 124, 114, 79, 42, 141, 56, 38, 67, 24, 53, 63, 67, 108, 49, 106, 50, 29, 88, 123, 109, 48, 75, 82, 47, 102, 94, 66, 29, 52, 116, 25, 14, 44, 108, 9, 52, 24, 54, 33, 50, 26, 6, 52, 49, 4, 32], 80: [337, 357, 245], 81: [125], 82: [130], 83: [62], 84: [17, 17, 62, 21, 25, 52, 9, 9, 21, 68, 48, 6, 35, 35, 11, 42, 51, 17], 85: [19, 19, 57, 18, 48, 52], 86: [107, 19, 13, 60, 48, 82, 39, 113, 12, 65, 34, 32, 58, 20, 45], 87: [33, 44, 38, 23, 51, 85, 24, 14, 70, 57, 27, 60, 39, 31, 50, 27, 30, 87, 38], 88: [119, 54, 85, 87, 120, 71, 51, 37, 136, 36], 89: [531, 407, 184, 528, 490, 378, 649, 441], 90: [94, 179, 124, 104, 123, 81, 96, 7, 147, 224, 40, 54, 100], 91: [11, 15, 17, 64, 50, 53, 69, 95, 32, 9, 35, 35, 12, 81, 40, 15, 7, 22, 39, 58, 16, 13, 42, 56, 8, 11, 24, 58, 22, 16, 11, 59, 71, 12], 92: [44, 82, 39, 50], 93: [376, 426, 266, 396, 243, 283, 283, 294, 306, 223, 258, 162, 234, 270, 228, 267, 129, 201, 248, 349, 362, 291, 326, 224], 94: [350, 144, 350, 328, 425, 359, 116, 339, 172, 180], 95: [356, 399, 246], 96: [244, 254, 73], 97: [210, 214, 97, 57, 152, 108], 98: [298, 210, 257, 417, 293, 384, 51, 167, 228, 189, 175, 210, 160, 206, 164, 449, 358, 202, 309, 290, 236, 379, 307, 273, 496, 166, 269, 254, 242, 241, 569, 303, 154, 93, 396, 303, 153, 581, 303, 150, 388, 142, 239, 269, 165, 290, 187, 318, 138, 167], 99: [223, 397, 147, 125, 112, 230, 273, 156], 100: [22], 101: [53, 24, 14, 42, 28, 33], 102: [58, 179, 236, 53, 81], 103: [57, 54, 55, 12, 55, 61, 76, 29, 98, 40, 173, 119, 159, 52, 65, 60, 25, 97, 89, 110, 144, 89, 172, 82, 31, 36, 126, 56, 39, 32, 104, 41, 38, 25, 23, 51, 65, 63], 104: [206, 138, 280, 189, 101, 145, 198], 106: [468, 335, 340, 261, 452, 235, 174, 428, 175, 217, 150, 210, 391], 107: [31, 55, 27, 64, 63, 27, 29, 7, 34, 49, 82, 71, 24, 24, 46, 22, 111, 4, 28, 18, 7, 18, 27, 19, 55, 32], 109: [372, 398, 436, 106, 354, 352, 346, 629, 309, 277, 387, 427, 310, 94, 450, 426, 516, 231, 735, 316, 525, 179, 328, 510, 185, 318, 246], 110: [205, 59, 40, 48, 72, 117, 91, 39, 79, 155, 40], 111: [53, 56, 54, 105, 19, 17, 25, 24, 20, 64, 21, 27, 32, 42, 39, 38, 27, 35, 37, 15, 11, 54, 27, 4, 40, 26, 46, 16], 112: [63, 73, 35, 33, 67, 44, 123, 82, 99, 117, 91]}"

team_played,"{'compLexity Gaming': 5, 'OG Dota2': 14, 'iG.Vitality': 7, 'Team Secret': 11, 'Alliance': 9, 'Natus Vincere': 23, 'Kaipi': 4, 'MVP Phoenix': 9, 'Polarity Dota 2': 5, 'Mineski.Sports5': 3, 'CDEC.Avengers': 2, 'Friendship, Dedication, Love': 4, 'Team. Spirit': 4, 'Fnatic': 21, 'CDEC Gaming': 7, 'Team Liquid': 15, 'FlipSid3 Tactics': 8, 'the wings gaming': 11, 'Team Empire': 9, 'friends': 10, 'Team AD FINEM': 17, 'EHOME.KEEN': 6, 'Digital Chaos': 14, 'Team Braveheart': 2, '_PowerRangers': 16, 'Evil Geniuses': 7, 'TongFu|': 2, 'Virtus.pro': 2, 'Escape Gaming': 11, 'CDEC.Youth': 5, 'Vega Squadron': 13}"

banned,"{1: 2, 2: 12, 3: 1, 6: 49, 8: 35, 9: 37, 10: 10, 12: 2, 13: 11, 15: 4, 16: 13, 17: 20, 18: 13, 19: 1, 20: 7, 21: 2, 22: 3, 23: 6, 26: 9, 28: 20, 29: 21, 30: 7, 31: 2, 32: 74, 33: 4, 34: 25, 36: 5, 38: 61, 39: 4, 41: 58, 42: 2, 43: 30, 45: 1, 46: 8, 47: 3, 48: 15, 49: 8, 50: 23, 51: 1, 53: 2, 54: 29, 55: 54, 56: 8, 57: 1, 58: 9, 59: 20, 60: 14, 61: 14, 62: 21, 63: 5, 65: 62, 66: 2, 68: 17, 69: 3, 70: 5, 71: 1, 73: 22, 74: 53, 75: 2, 77: 11, 79: 21, 80: 12, 82: 6, 84: 5, 87: 18, 88: 10, 89: 8, 90: 7, 91: 60, 92: 2, 93: 30, 94: 20, 95: 1, 96: 1, 97: 2, 98: 38, 99: 4, 103: 64, 104: 1, 106: 8, 107: 22, 109: 30, 110: 13, 111: 24, 112: 8}"

kills_team,"{'compLexity Gaming': [18, 22, 14, 30, 12], 'OG Dota2': [21, 6, 33, 25, 16, 27, 28, 18, 25, 46, 9, 15, 15, 37], 'iG.Vitality': [23, 20, 13, 31, 33, 11, 38], 'Team Secret': [6, 27, 28, 24, 28, 31, 18, 19, 5, 26, 13], 'Alliance': [23, 22, 17, 27, 27, 34, 19, 9, 30], 'Natus Vincere': [20, 24, 16, 36, 31, 33, 5, 33, 15, 12, 28, 16, 20, 8, 35, 13, 53, 23, 34, 35, 14, 36, 29], 'Kaipi': [19, 30, 13, 21], 'MVP Phoenix': [37, 27, 9, 31, 28, 44, 30, 23, 27], 'Polarity Dota 2': [60, 21, 29, 11, 28], 'Mineski.Sports5': [22, 38, 14], 'CDEC.Avengers': [26, 19], 'Friendship, Dedication, Love': [5, 17, 17, 20], 'Team. Spirit': [13, 31, 43, 11], 'Fnatic': [35, 13, 5, 26, 33, 17, 25, 16, 30, 13, 22, 18, 23, 15, 26, 30, 14, 14, 12, 32, 32], 'CDEC Gaming': [20, 27, 14, 32, 28, 33, 12], 'Team Liquid': [21, 35, 29, 20, 9, 26, 9, 31, 37, 25, 27, 27, 26, 15, 32], 'FlipSid3 Tactics': [30, 9, 34, 17, 29, 25, 4, 17], 'the wings gaming': [33, 19, 13, 36, 29, 25, 49, 35, 35, 1, 34], 'Team Empire': [9, 28, 25, 25, 34, 20, 15, 14, 26], 'friends': [28, 20, 15, 15, 22, 31, 12, 10, 26, 16], 'Team AD FINEM': [50, 29, 30, 9, 43, 30, 17, 24, 36, 16, 6, 45, 26, 42, 24, 29, 11], 'EHOME.KEEN': [22, 4, 12, 37, 21, 10], 'Digital Chaos': [21, 29, 27, 31, 12, 8, 8, 24, 8, 16, 30, 32, 7, 13], 'Team Braveheart': [18, 50], '_PowerRangers': [11, 15, 25, 9, 56, 18, 12, 35, 22, 27, 31, 30, 28, 14, 33, 43], 'Evil Geniuses': [20, 12, 40, 16, 4, 27, 14], 'TongFu|': [12, 9], 'Vega Squadron': [28, 34, 22, 40, 27, 7, 30, 30, 38, 25, 16, 4, 11], 'Escape Gaming': [27, 21, 33, 29, 24, 18, 34, 17, 30, 23, 22], 'CDEC.Youth': [13, 9, 13, 14, 32], 'Virtus.pro': [28, 12]}"

team_win,"{'compLexity Gaming': 1, 'OG Dota2': 7, 'EHOME.KEEN': 2, 'Team Secret': 7, 'Alliance': 5, 'Natus Vincere': 14, 'MVP Phoenix': 7, 'Polarity Dota 2': 2, 'CDEC.Avengers': 1, 'Team. Spirit': 2, 'Fnatic': 11, 'CDEC Gaming': 3, 'Team Liquid': 10, 'FlipSid3 Tactics': 1, 'the wings gaming': 8, 'Team Empire': 7, 'Mineski.Sports5': 1, 'Team AD FINEM': 9, 'friends': 4, 'Digital Chaos': 6, 'Team Braveheart': 1, '_PowerRangers': 7, 'Evil Geniuses': 3, 'iG.Vitality': 4, 'Escape Gaming': 6, 'CDEC.Youth': 1, 'Vega Squadron': 8}"

longest_win_team,4403

dif_heroes_team,"{'compLexity Gaming': {93, 65, 98, 2, 5, 38, 8, 72, 107, 46, 79, 111, 50, 19, 23, 91, 59, 29, 61, 63}, 'OG Dota2': {1, 2, 6, 7, 8, 11, 17, 22, 23, 26, 28, 34, 38, 41, 50, 55, 59, 65, 68, 69, 72, 74, 76, 79, 83, 85, 89, 90, 91, 93, 94, 96, 100, 103, 104, 107, 109, 111}, 'iG.Vitality': {32, 65, 98, 99, 68, 93, 38, 39, 8, 73, 43, 107, 111, 17, 18, 54, 91, 28, 29, 62, 30}, 'Team Secret': {2, 6, 9, 10, 15, 17, 28, 29, 40, 41, 46, 57, 58, 65, 70, 73, 79, 90, 102, 103, 109, 111}, 'Alliance': {5, 6, 8, 18, 19, 26, 30, 32, 38, 43, 44, 49, 50, 53, 54, 55, 61, 65, 68, 70, 80, 84, 86, 87, 93, 97, 98, 102, 103, 106}, 'Natus Vincere': {2, 3, 5, 8, 9, 11, 16, 20, 21, 27, 28, 33, 34, 38, 41, 50, 53, 54, 55, 56, 58, 59, 60, 62, 63, 65, 66, 69, 73, 74, 77, 79, 85, 87, 89, 91, 93, 97, 98, 99, 103, 104, 106, 109, 110, 111, 112}, 'Kaipi': {65, 98, 33, 99, 101, 38, 6, 104, 106, 77, 111, 112, 26, 91, 93}, 'MVP Phoenix': {2, 8, 12, 20, 28, 29, 30, 31, 32, 34, 40, 44, 45, 50, 54, 55, 59, 62, 73, 89, 90, 91, 93, 98, 99, 107}, 'Polarity Dota 2': {32, 64, 66, 67, 3, 71, 41, 74, 43, 107, 109, 110, 20, 22, 55, 54, 60, 93, 30}, 'Mineski.Sports5': {2, 98, 103, 8, 41, 10, 74, 13, 79, 87, 26}, 'CDEC.Avengers': {6, 9, 10, 13, 50, 20, 85, 89, 90, 29}, 'Friendship, Dedication, Love': {31, 65, 98, 67, 73, 9, 41, 46, 79, 18, 84, 26, 92, 28, 30, 95}, 'Team. Spirit': {97, 1, 3, 35, 66, 38, 71, 39, 41, 13, 110, 81, 53, 54, 58, 91, 60, 30, 95}, 'Fnatic': {6, 8, 9, 10, 13, 16, 17, 20, 23, 25, 26, 28, 29, 30, 32, 34, 38, 41, 46, 48, 50, 57, 58, 59, 63, 65, 66, 68, 73, 74, 79, 84, 86, 87, 88, 89, 91, 94, 97, 98, 99, 101, 103, 106, 107, 109, 110, 111}, 'CDEC Gaming': {1, 5, 6, 9, 26, 28, 29, 33, 34, 40, 41, 49, 50, 54, 56, 61, 65, 74, 84, 85, 92, 94, 98, 103, 109, 112}, 'Team Liquid': {1, 2, 6, 8, 9, 10, 14, 17, 18, 22, 26, 29, 37, 38, 41, 48, 50, 51, 59, 62, 74, 79, 88, 90, 92, 94, 98, 103, 104, 107, 109, 111, 112}, 'FlipSid3 Tactics': {1, 10, 17, 18, 19, 20, 25, 26, 29, 34, 38, 41, 42, 43, 46, 49, 50, 65, 69, 79, 85, 91, 98, 103, 106, 109, 110}, 'the wings gaming': {1, 2, 5, 6, 7, 8, 9, 17, 20, 21, 26, 27, 29, 30, 32, 37, 38, 39, 41, 48, 49, 50, 51, 53, 55, 58, 59, 65, 71, 74, 75, 79, 84, 86, 87, 89, 90, 91, 93, 98, 104, 111}, 'Team Empire': {6, 9, 10, 17, 23, 26, 28, 29, 32, 38, 41, 43, 55, 59, 73, 79, 86, 88, 91, 94, 98, 103, 107, 111}, 'friends': {2, 6, 7, 8, 9, 10, 16, 18, 20, 28, 34, 38, 39, 41, 48, 50, 55, 65, 68, 73, 79, 84, 91, 93, 103, 106, 107}, 'Team AD FINEM': {1, 8, 13, 18, 26, 28, 32, 38, 41, 43, 46, 50, 51, 55, 59, 60, 65, 68, 70, 73, 74, 75, 79, 86, 87, 91, 93, 98, 101, 103, 106, 107, 109, 110}, 'EHOME.KEEN': {1, 2, 8, 17, 20, 23, 28, 30, 34, 40, 43, 45, 51, 55, 62, 69, 72, 84, 87, 89, 109, 111}, 'Digital Chaos': {1, 2, 6, 7, 8, 9, 12, 13, 16, 18, 20, 21, 25, 26, 29, 30, 32, 38, 41, 48, 49, 55, 61, 62, 65, 68, 70, 74, 75, 79, 82, 84, 87, 93, 94, 98, 103, 106, 107, 110, 111, 112}, 'Team Braveheart': {38, 40, 41, 10, 9, 111, 54, 25, 31}, '_PowerRangers': {2, 3, 8, 9, 13, 16, 18, 20, 22, 23, 28, 29, 32, 34, 38, 41, 43, 48, 49, 54, 55, 58, 61, 63, 65, 68, 69, 71, 73, 79, 86, 87, 90, 93, 96, 98, 101, 103, 109, 111, 112}, 'Evil Geniuses': {5, 6, 8, 9, 17, 20, 30, 32, 38, 41, 55, 60, 63, 68, 77, 79, 88, 97, 98, 103, 104, 109, 111}, 'TongFu|': {98, 68, 73, 109, 17, 84, 20, 23, 88, 28}, 'Virtus.pro': {38, 71, 8, 39, 107, 110, 47, 18, 27, 29}, 'Escape Gaming': {2, 8, 9, 10, 16, 22, 26, 28, 29, 31, 33, 34, 36, 39, 41, 42, 50, 65, 68, 73, 74, 78, 80, 86, 87, 90, 93, 95, 96, 98, 103, 107, 109}, 'CDEC.Youth': {6, 8, 9, 20, 23, 28, 33, 35, 41, 49, 50, 51, 55, 59, 60, 65, 79, 84, 87, 92, 93, 110, 112}, 'Vega Squadron': {1, 2, 6, 8, 9, 10, 16, 18, 23, 27, 28, 32, 38, 41, 43, 48, 50, 51, 54, 55, 59, 60, 61, 64, 73, 74, 79, 85, 86, 87, 91, 93, 98, 101, 103, 109, 111, 112}}"

picked,"{1: 11, 2: 25, 3: 4, 5: 7, 6: 32, 7: 4, 8: 42, 9: 36, 10: 14, 11: 2, 12: 3, 13: 13, 14: 1, 15: 2, 16: 16, 17: 14, 18: 13, 19: 3, 20: 24, 21: 3, 22: 6, 23: 15, 25: 4, 26: 24, 27: 5, 28: 26, 29: 26, 30: 16, 31: 6, 32: 26, 33: 5, 34: 14, 35: 2, 36: 1, 37: 2, 38: 39, 39: 7, 40: 5, 41: 51, 42: 2, 43: 12, 44: 2, 45: 2, 46: 8, 47: 1, 48: 15, 49: 8, 50: 42, 51: 7, 53: 7, 54: 16, 55: 30, 56: 4, 57: 2, 58: 10, 59: 16, 60: 9, 61: 6, 62: 16, 63: 5, 64: 3, 65: 46, 66: 12, 67: 2, 68: 16, 69: 5, 70: 9, 71: 5, 72: 3, 73: 17, 74: 23, 75: 3, 76: 1, 77: 5, 78: 1, 79: 50, 80: 3, 81: 1, 82: 1, 83: 1, 84: 18, 85: 6, 86: 15, 87: 19, 88: 10, 89: 8, 90: 13, 91: 34, 92: 4, 93: 24, 94: 10, 95: 3, 96: 3, 97: 6, 98: 50, 99: 8, 100: 1, 101: 6, 102: 5, 103: 38, 104: 7, 106: 13, 107: 26, 109: 27, 110: 11, 111: 28, 112: 11}"

last_hits_player,"{19757254: [335, 175, 242, 273], 51684352: [205, 262], 119594755: [44, 44, 80, 83, 185, 193], 123787524: [259, 80, 169, 126, 114, 130, 91, 122], 86738694: [173, 512, 596, 411, 469, 118, 507, 245], 136186119: [53, 6], 173880329: [124, 236, 166, 147, 310, 82, 315], 103039499: [35, 16, 21, 16, 54, 22, 65], 123444610: [46, 40, 42, 27, 40, 43, 53, 15], 6922000: [42, 24, 123, 88, 27, 27, 52, 54, 26, 49, 32], 134556694: [90, 53, 50, 42, 76, 7, 75, 172, 82, 42, 50, 18, 48], 137193239: [226, 287, 265, 158, 349, 211, 268], 86878488: [24, 82, 51, 38], 93119769: [407, 490, 143, 87, 219, 362, 194, 263, 148], 26771994: [53, 68, 67, 19, 33, 25, 104, 72, 102, 42, 116, 39, 44, 55, 152], 30237211: [83, 122, 159, 148, 179, 236, 119, 195, 53, 108, 106], 158847773: [21, 12, 24, 9, 14, 16], 88719902: [243, 173, 176, 198], 87586992: [311, 355, 502, 192, 222, 340, 289, 230, 127, 224, 250, 147], 89269794: [426, 266, 219, 629, 407], 103940975: [9, 21, 58, 17, 43, 7, 15], 86698277: [135, 101, 127, 290], 131043881: [152, 117, 59, 71, 48], 168028715: [194, 106, 468, 216, 263, 441], 89550641: [205, 46, 196, 125, 121, 387, 56, 197, 80, 201, 133, 72, 202, 98, 258, 269, 346, 299, 161, 165, 98, 119, 186], 87382579: [54, 21, 55, 52, 19, 7, 12, 25, 27, 35, 26, 27, 42, 168], 94049589: [76, 39], 100317750: [192, 263, 597, 234, 244, 399, 516, 399, 222], 86725175: [205, 396, 353, 294, 337, 83, 162, 279, 297, 269, 248, 300, 251, 298], 86745912: [303, 258, 304, 178, 276, 191, 193, 339, 77, 263, 353], 72312627: [236, 257, 379, 101, 45, 122, 214, 449, 225, 113, 277, 123, 365, 309, 510], 113331514: [62, 61, 49, 8, 65, 51, 15, 18, 41], 87276347: [206, 141, 190, 152, 65, 118, 142], 91064780: [42, 124, 85, 27, 31, 54, 50, 63, 32, 35, 41, 47, 45, 68, 52], 75201845: [337, 149, 356], 172424257: [250, 203, 256, 250, 227, 146, 201], 129467787: [407], 101495620: [255, 353, 408, 203, 273, 198, 190, 137, 224], 86750262: [352, 257], 86723143: [41, 112, 195, 91, 34, 24], 86870856: [122, 218, 116, 160, 206, 224, 131, 120, 203, 145, 73, 196, 250, 115, 183, 317], 92847434: [91, 173, 153, 177], 86974263: [28, 131, 50, 45], 106573901: [227, 219, 358, 307, 267, 261, 280, 165], 106809101: [205, 59, 39, 211, 111], 169025618: [68, 168, 250, 290, 379, 103, 208, 112, 187, 252, 156], 101450083: [210, 254, 116, 153, 199, 224, 135, 190, 177], 102644565: [94, 39, 114, 23, 58, 60, 171, 111, 224, 22, 120], 148215639: [144, 388], 5150808: [414, 350, 354, 514, 270, 227, 401, 639, 271, 202, 618, 162, 187], 98878010: [98, 135, 143, 239, 194, 147, 127], 90882159: [315, 252, 147, 188, 327, 205, 180], 49317728: [181, 187, 206, 159, 135], 182439266: [139, 101, 218, 127, 373, 124], 86785083: [222, 140, 237, 170, 232, 89, 94, 81, 37], 94338967: [167, 84, 266, 245, 190], 11550182: [79, 12, 39, 24, 32, 6], 92949094: [107, 33, 64, 38, 51, 76, 35, 40, 25, 82, 22, 79, 28, 39, 25, 19, 23], 192914280: [293, 318, 223], 18180970: [32, 39, 15, 21, 45], 19672354: [150, 178, 235, 73, 239, 228, 378, 254, 277, 427, 92, 211, 378, 269], 89117038: [63, 82, 398, 48, 82, 71, 113, 46, 65, 73, 63], 101586543: [325, 182, 307, 237, 331, 166, 328, 304, 428, 81, 303], 170532209: [135, 305, 246, 218], 102099826: [78, 64, 15, 69, 71, 57, 184, 97, 60, 57, 110, 94, 106, 61, 71, 115, 32, 11, 18, 54, 76], 112377459: [26, 34, 7, 8, 19, 36, 17, 16, 12], 136624722: [20, 99], 50828662: [101, 34, 88, 24, 18], 87177591: [281, 335, 290, 205, 94, 197, 169], 89246836: [649, 330], 82327674: [87, 51], 93616251: [119, 130, 35, 223, 128, 178, 146, 105, 180, 152, 188, 85, 87, 120, 155, 89, 163, 114, 135, 196, 150], 53178236: [598, 178, 377, 240, 174, 359, 179, 318], 114817642: [44, 11], 89625472: [205, 514, 356, 125], 4281729: [52, 50, 70, 63, 53, 77, 147, 24, 42, 32, 100], 76482434: [299, 270, 156, 168, 134, 179, 357, 100, 204], 86727555: [67, 63, 106, 33, 4, 27, 41], 105248644: [507, 165, 310, 121, 214, 380, 183, 207, 229, 192, 116, 187, 156, 381], 134903105: [35, 187], 82262664: [57, 55, 37, 34, 15, 29, 44, 97, 69, 30, 145, 36, 99, 56, 39], 124566285: [174, 195], 103729052: [54, 35], 38628747: [143, 138, 280, 93, 94, 176, 192, 205, 131, 173, 62, 118, 165, 198], 3916428: [37, 25, 58, 49, 68, 41, 58, 38, 81], 176184718: [79, 61, 108, 142, 168, 258, 38, 202, 127, 235, 150, 53, 192, 39, 60, 121, 185, 133, 100, 71, 45, 109, 10], 123854991: [292, 164, 231, 163, 240, 459, 136], 27178898: [269, 178, 175, 196, 80, 133, 153, 108, 85, 66, 75, 200, 66, 102, 128, 143, 108], 94155156: [105, 19, 124, 17, 62, 123, 61, 81, 82, 58, 38, 30, 40, 32], 96169991: [195, 176], 93552791: [31, 27, 17, 27, 53, 44, 67, 9, 18, 48, 51, 19], 135270298: [25, 76, 13, 32], 117421467: [24, 17, 53, 95, 67, 45, 19, 81, 117, 57, 58, 13, 123, 31, 47, 38, 126, 99, 19, 38, 58, 4, 46, 59, 52], 86802844: [175, 157, 129, 359, 226, 85, 129, 157, 230, 244, 187, 92, 181], 112250781: [167, 261, 201, 173, 145, 158, 108, 172, 118, 70, 261, 152], 91369376: [305, 437, 210], 113372833: [285, 136, 260, 210, 226, 319, 254, 177, 290, 313, 160, 137, 133, 468, 172, 135, 158, 199, 458], 116585378: [417, 272, 69, 162, 261, 157, 449, 352, 334, 258, 158, 310, 247, 241, 374, 230, 108, 142, 175, 391, 246], 91460772: [32, 56, 48, 127, 58, 37, 10, 27, 105, 67, 91, 20, 44], 87278757: [179, 128, 173, 119, 199, 243, 116, 104, 45, 79, 150], 145550466: [29, 28, 5, 4, 14, 104, 26, 16, 32], 84429681: [61, 195, 118, 228, 135, 67, 115, 258, 141, 169, 147, 209, 138, 137], 117990312: [139, 9, 71, 59, 39, 58], 256269737: [141, 144, 52], 132851371: [368, 328, 455, 261, 496, 154, 124, 151, 194], 186627166: [57, 142], 86700461: [144, 376, 125, 260, 181, 130, 113, 251, 139, 152, 126, 150, 229, 154], 182993582: [38, 19, 108, 67, 25, 12, 11, 27, 33], 76173488: [93, 147, 220, 170], 70388657: [148, 70, 127, 243, 164, 214, 98, 631, 202, 236, 241, 72, 194, 107, 340, 355, 407, 152, 130, 214, 112, 214, 167], 140153524: [21, 54, 27, 42, 249, 90, 17], 95430068: [468, 384, 283, 283, 258, 161, 316, 339, 137, 372, 128, 728, 303, 316, 187, 291, 185], 221666230: [155, 273, 317, 346], 111291593: [91, 133, 133, 72, 264, 112, 115], 88933594: [197, 178, 149, 125, 163, 115, 145, 230, 156], 131237305: [54, 109, 79, 50, 218], 123737728: [188], 43276219: [398, 180, 368, 386, 230, 407, 233, 110, 163, 138], 96196828: [399, 354, 341], 75750590: [63, 6, 24, 19, 33, 20, 16, 32, 28, 37, 9, 8, 60, 26, 30, 87], 111114687: [43, 17, 62, 83, 75, 17, 104, 62, 56, 13, 35], 103735745: [34, 79, 54, 73, 72, 12, 42, 64, 110, 108, 79, 62, 47, 38], 86799300: [350, 350, 310, 68, 100, 87, 208, 299, 569, 106, 460, 99, 169, 318, 596], 89871557: [344, 436, 51, 406, 124, 127, 425, 422, 424, 235, 302, 359, 231, 277, 396, 369, 339, 197, 179, 317, 142], 86953414: [39, 30, 44, 8, 48, 45, 112, 14, 39, 46, 14, 39, 11, 33, 45, 57, 4], 90423751: [25, 274, 167, 264, 88, 40, 83, 96, 168, 26, 186, 98, 33, 18, 48, 103], 25907144: [55, 11, 88, 9, 12, 159, 155, 22, 24, 89, 22, 78, 56, 71], 111620041: [479, 105, 147, 188, 57, 128, 132], 169181898: [372, 86, 223, 316, 165, 275, 93, 397, 528, 314, 398, 94, 240, 101, 426, 304, 735, 428, 284, 158, 95, 210, 130], 250114507: [378, 125, 378, 446, 172, 394, 251], 118134220: [190, 98, 173, 160, 146, 134, 547, 189, 239, 78, 98], 12231202: [298, 262, 276, 236, 179], 107081378: [24, 49, 39, 41, 82], 41231571: [169, 227, 263, 97, 196, 217, 269, 165, 219], 20321748: [24, 35, 136, 40], 111189717: [287, 201, 180, 137, 143], 73562326: [33, 189, 86, 52, 29, 52, 36], 136477860: [309, 101], 91443418: [37, 64, 27], 88521435: [29, 10], 125581247: [338, 267, 169, 197, 344], 111034589: [22, 56, 14, 20, 49, 14, 85, 29, 48, 7, 29, 28, 66, 25, 65, 30, 11, 11, 5, 37, 38], 138885864: [182, 222], 129585121: [531, 188, 332, 269, 328, 345, 457, 243, 283, 129, 217], 123051238: [376, 371, 325, 157, 316, 306, 192, 437, 201, 197, 354, 155], 85375207: [15, 53], 113874152: [184, 209, 109], 175538337: [295], 86840554: [396, 222, 452, 150, 172, 286, 146, 192], 107855479: [310, 239, 187, 172, 210, 150, 227, 140, 82, 303, 93, 581, 185, 115, 224, 150, 168], 63703276: [235, 210, 310, 327, 273, 296, 309, 387, 450, 263, 215, 388, 525, 328, 261, 326], 142750189: [154, 89, 35, 117, 48, 65, 50], 303809009: [346, 139], 34505203: [147, 145, 161, 63, 66, 58, 54, 269, 187, 77, 120, 91, 106, 116, 136], 89137399: [84, 32, 45, 83], 41288955: [53, 45, 95, 40, 59, 31, 59, 20, 99]}"

kill_hero,"{1: [7, 14, 11, 9, 8, 7, 3, 17, 4, 3, 17], 2: [5, 10, 3, 0, 5, 5, 6, 4, 15, 8, 11, 20, 1, 3, 9, 1, 8, 11, 7, 4, 1, 2, 5, 13, 4], 3: [2, 6, 1, 4], 5: [3, 7, 0, 5, 6, 6, 2], 6: [5, 11, 8, 0, 3, 9, 4, 7, 11, 1, 4, 4, 9, 5, 4, 0, 3, 3, 1, 6, 2, 5, 6, 10, 3, 1, 2, 13, 3, 1, 1, 3], 7: [6, 5, 1, 1], 8: [5, 1, 11, 6, 8, 2, 10, 6, 4, 3, 10, 4, 0, 2, 5, 9, 6, 10, 9, 13, 7, 7, 2, 8, 9, 10, 5, 1, 0, 16, 9, 7, 11, 5, 9, 4, 3, 3, 5, 5, 14, 2], 9: [10, 13, 6, 9, 6, 7, 6, 10, 3, 9, 11, 3, 7, 9, 8, 9, 6, 15, 7, 4, 4, 11, 6, 7, 8, 10, 0, 7, 5, 10, 12, 15, 2, 3, 10, 5], 10: [8, 12, 6, 1, 4, 14, 9, 9, 5, 0, 8, 6, 5, 2], 11: [6, 12], 12: [3, 1, 4], 13: [11, 4, 3, 2, 6, 13, 7, 10, 19, 2, 6, 6, 3], 14: [5], 15: [10, 11], 16: [3, 3, 2, 3, 12, 3, 2, 1, 3, 2, 14, 1, 8, 7, 12, 8], 17: [5, 2, 6, 6, 9, 14, 8, 7, 7, 2, 8, 2, 10, 4], 18: [6, 3, 4, 8, 3, 10, 8, 1, 3, 3, 10, 4, 10], 19: [6, 5, 12], 20: [3, 1, 1, 6, 0, 2, 2, 5, 1, 1, 2, 3, 1, 1, 1, 1, 0, 0, 1, 2, 0, 1, 2, 2], 21: [11, 19, 2], 22: [15, 7, 13, 15, 22, 5], 23: [3, 1, 3, 1, 0, 6, 3, 2, 4, 1, 3, 2, 1, 14, 1], 25: [15, 0, 3, 13], 26: [0, 2, 6, 2, 4, 4, 4, 4, 3, 5, 5, 2, 1, 4, 6, 7, 3, 2, 6, 2, 3, 1, 2, 6], 27: [1, 2, 3, 2, 3], 28: [2, 1, 2, 0, 2, 2, 8, 3, 0, 1, 6, 2, 2, 1, 8, 4, 7, 0, 5, 1, 8, 0, 2, 6, 2, 2], 29: [3, 2, 3, 2, 1, 1, 1, 3, 1, 0, 3, 0, 3, 1, 1, 3, 3, 1, 1, 0, 1, 5, 4, 2, 0, 1], 30: [2, 9, 4, 1, 2, 7, 5, 4, 1, 5, 4, 4, 2, 1, 3, 8], 31: [3, 3, 5, 2, 4, 2], 32: [5, 3, 8, 1, 5, 4, 1, 10, 2, 2, 8, 10, 0, 2, 1, 2, 5, 8, 3, 4, 2, 2, 3, 11, 7, 3], 33: [7, 1, 1, 1, 1], 34: [2, 9, 3, 15, 5, 6, 7, 9, 10, 5, 8, 11, 8, 6], 35: [16, 6], 36: [14], 37: [4, 0], 38: [6, 1, 3, 2, 3, 1, 5, 0, 0, 2, 0, 2, 3, 5, 4, 7, 3, 3, 2, 3, 1, 4, 3, 6, 3, 2, 3, 2, 9, 3, 3, 2, 2, 5, 2, 2, 3, 7, 4], 39: [4, 14, 4, 10, 5, 1, 5], 40: [1, 3, 2, 2, 7], 41: [3, 1, 1, 7, 8, 2, 4, 0, 4, 6, 5, 4, 2, 4, 10, 13, 2, 4, 1, 0, 9, 8, 6, 4, 5, 11, 5, 2, 1, 5, 7, 8, 4, 6, 4, 3, 3, 2, 2, 2, 7, 3, 7, 3, 0, 3, 2, 4, 1, 1, 0], 42: [9, 13], 43: [4, 5, 11, 5, 2, 11, 5, 12, 6, 5, 2, 8], 44: [9, 10], 45: [4, 5], 46: [2, 4, 3, 13, 5, 5, 5, 12], 47: [10], 48: [12, 3, 5, 5, 14, 2, 2, 4, 19, 4, 12, 6, 10, 8, 3], 49: [9, 3, 7, 6, 2, 5, 7, 8], 50: [3, 0, 1, 3, 4, 3, 3, 2, 1, 1, 1, 0, 0, 1, 3, 1, 0, 0, 2, 1, 1, 2, 1, 0, 4, 2, 4, 3, 0, 1, 3, 0, 1, 1, 1, 1, 1, 1, 1, 2, 1, 1], 51: [10, 2, 6, 1, 3, 2, 4], 53: [9, 12, 9, 4, 2, 2, 5], 54: [2, 4, 9, 9, 4, 8, 12, 11, 3, 18, 12, 10, 23, 4, 13, 11], 55: [8, 6, 1, 3, 3, 4, 7, 3, 3, 9, 2, 2, 4, 3, 5, 1, 0, 8, 3, 6, 0, 6, 3, 5, 7, 4, 2, 3, 6, 1], 56: [12, 3, 6, 5], 57: [2, 1], 58: [0, 9, 5, 6, 1, 0, 5, 2, 10, 3], 59: [7, 4, 5, 2, 7, 10, 4, 4, 10, 3, 10, 4, 1, 12, 7, 13], 60: [9, 7, 3, 3, 2, 2, 3, 7, 3], 61: [1, 4, 3, 1, 14, 6], 62: [5, 2, 3, 0, 2, 8, 3, 1, 5, 5, 7, 4, 6, 4, 2, 3], 63: [0, 11, 6, 1, 4], 64: [0, 1, 7], 65: [6, 1, 6, 5, 6, 5, 0, 8, 10, 2, 9, 4, 11, 6, 2, 1, 5, 2, 3, 2, 4, 2, 2, 4, 4, 4, 8, 2, 2, 9, 1, 3, 13, 4, 6, 5, 1, 13, 1, 0, 6, 4, 3, 5, 3, 0], 66: [3, 2, 3, 4, 5, 4, 4, 3, 5, 1, 2, 2], 67: [2, 4], 68: [4, 7, 5, 3, 4, 2, 7, 2, 2, 3, 3, 1, 1, 7, 5, 2], 69: [2, 2, 2, 4, 10], 70: [5, 0, 9, 7, 8, 9, 3, 11, 5], 71: [10, 3, 0, 4, 4], 72: [3, 7, 6], 73: [0, 8, 3, 5, 5, 1, 2, 2, 8, 0, 1, 7, 5, 0, 7, 4, 1], 74: [3, 9, 9, 9, 2, 8, 1, 6, 0, 3, 4, 8, 4, 9, 5, 4, 7, 9, 3, 5, 13, 9, 6], 75: [0, 9, 7], 76: [17], 77: [3, 7, 7, 6, 3], 78: [4], 79: [5, 0, 2, 3, 2, 2, 3, 0, 1, 1, 1, 1, 3, 1, 2, 7, 8, 3, 6, 2, 2, 2, 0, 2, 4, 10, 1, 0, 5, 4, 2, 2, 5, 5, 2, 0, 5, 2, 4, 5, 1, 3, 3, 1, 0, 1, 5, 5, 2, 1], 80: [2, 4, 5], 81: [2], 82: [1], 83: [0], 84: [1, 2, 1, 1, 2, 2, 0, 0, 1, 3, 1, 1, 3, 3, 2, 5, 3, 2], 85: [1, 0, 6, 0, 3, 0], 86: [7, 0, 3, 2, 2, 3, 4, 2, 4, 1, 11, 4, 3, 1, 3], 87: [8, 4, 2, 4, 3, 3, 5, 4, 2, 2, 6, 4, 0, 4, 5, 0, 1, 3, 0], 88: [5, 1, 3, 5, 3, 5, 4, 1, 5, 0], 89: [5, 9, 2, 4, 4, 1, 7, 1], 90: [1, 1, 0, 1, 3, 0, 3, 1, 5, 6, 3, 2, 1], 91: [0, 1, 3, 4, 1, 2, 6, 2, 4, 0, 3, 3, 2, 3, 4, 1, 2, 5, 5, 4, 5, 3, 3, 2, 2, 1, 4, 8, 4, 1, 3, 3, 2, 4], 92: [4, 3, 1, 5], 93: [18, 18, 5, 9, 5, 13, 0, 10, 13, 6, 29, 2, 7, 7, 13, 1, 0, 4, 13, 22, 11, 16, 12, 8], 94: [6, 3, 9, 8, 2, 6, 2, 2, 2, 4], 95: [14, 12, 5], 96: [10, 5, 7], 97: [4, 5, 5, 0, 2, 2], 98: [9, 7, 7, 12, 9, 9, 4, 6, 6, 2, 5, 20, 1, 16, 9, 16, 11, 5, 3, 4, 3, 5, 4, 1, 11, 5, 6, 9, 5, 17, 14, 6, 5, 4, 8, 15, 6, 15, 14, 3, 4, 4, 4, 8, 1, 6, 6, 1, 0, 4], 99: [2, 13, 9, 11, 0, 7, 7, 10], 100: [0], 101: [12, 5, 0, 2, 4, 12], 102: [1, 4, 2, 0, 1], 103: [2, 3, 7, 1, 4, 0, 8, 3, 0, 2, 2, 3, 1, 1, 5, 1, 7, 3, 1, 2, 1, 2, 1, 2, 2, 4, 5, 2, 0, 1, 2, 4, 2, 3, 4, 1, 5, 2], 104: [4, 0, 8, 3, 1, 1, 2], 106: [16, 5, 6, 13, 11, 1, 7, 8, 4, 11, 4, 15, 13], 107: [1, 5, 5, 4, 3, 0, 3, 0, 8, 2, 1, 1, 1, 3, 2, 0, 3, 2, 0, 1, 1, 3, 5, 3, 2, 2], 109: [3, 2, 0, 0, 6, 4, 6, 3, 0, 10, 6, 12, 3, 0, 9, 13, 18, 3, 21, 9, 14, 1, 5, 14, 1, 7, 9], 110: [8, 4, 3, 4, 2, 1, 4, 1, 3, 4, 2], 111: [5, 1, 4, 4, 1, 5, 5, 5, 4, 2, 3, 2, 4, 4, 3, 1, 6, 7, 3, 4, 2, 2, 5, 1, 3, 0, 2, 2], 112: [0, 4, 4, 2, 1, 1, 5, 3, 3, 3, 0]}"

death_player,"{19757254: [2, 9, 4, 3], 51684352: [2, 6], 119594755: [6, 3, 8, 4, 6, 9], 123787524: [9, 2, 8, 9, 1, 6, 2, 5], 86738694: [1, 2, 9, 7, 4, 6, 5, 2], 136186119: [2, 6], 173880329: [1, 8, 10, 1, 5, 6, 3], 103039499: [0, 6, 7, 3, 4, 8, 2], 123444610: [17, 4, 12, 11, 4, 8, 10, 7], 6922000: [6, 4, 5, 4, 7, 8, 4, 8, 4, 1, 3], 134556694: [6, 6, 6, 10, 10, 8, 10, 9, 5, 8, 5, 4, 6], 137193239: [0, 6, 8, 0, 1, 6, 3], 86878488: [4, 8, 6, 8], 93119769: [3, 5, 9, 2, 6, 7, 2, 3, 2], 26771994: [3, 5, 5, 3, 5, 0, 2, 6, 11, 2, 9, 2, 4, 9, 6], 30237211: [8, 3, 2, 2, 3, 7, 3, 2, 3, 4, 2], 158847773: [3, 6, 4, 6, 9, 8], 88719902: [1, 7, 5, 6], 87586992: [5, 9, 3, 6, 6, 1, 4, 6, 7, 5, 7, 9], 89269794: [6, 1, 7, 6, 6], 103940975: [3, 9, 8, 2, 8, 4, 4], 86698277: [6, 5, 8, 5], 131043881: [8, 4, 6, 8, 4], 168028715: [2, 3, 1, 4, 6, 2], 89550641: [5, 1, 6, 6, 2, 1, 8, 13, 5, 10, 6, 1, 3, 6, 7, 5, 3, 1, 1, 2, 0, 3, 0], 87382579: [1, 4, 5, 6, 6, 7, 9, 8, 5, 8, 5, 4, 8, 4], 94049589: [13, 10], 100317750: [2, 4, 1, 3, 6, 5, 4, 3, 1], 86725175: [2, 0, 0, 2, 4, 3, 5, 6, 2, 4, 0, 2, 3, 3], 86745912: [8, 3, 1, 4, 2, 6, 2, 3, 2, 0, 1], 72312627: [2, 9, 4, 1, 6, 1, 5, 2, 13, 1, 8, 3, 2, 7, 9], 113331514: [1, 3, 6, 5, 5, 4, 6, 1, 2], 87276347: [4, 3, 1, 1, 3, 2, 2], 91064780: [6, 6, 5, 5, 7, 7, 5, 7, 6, 14, 11, 8, 6, 9, 7], 75201845: [2, 1, 7], 172424257: [7, 5, 5, 2, 1, 5, 3], 129467787: [10], 101495620: [4, 1, 2, 0, 5, 6, 4, 5, 1], 86750262: [2, 2], 86723143: [7, 9, 6, 7, 4, 6], 86870856: [5, 3, 2, 7, 7, 3, 10, 2, 6, 5, 3, 8, 5, 4, 4, 5], 92847434: [3, 4, 5, 5], 86974263: [8, 8, 7, 13], 106573901: [7, 1, 1, 5, 2, 3, 7, 4], 106809101: [7, 2, 11, 3, 5], 169025618: [2, 1, 4, 3, 9, 11, 6, 4, 5, 3, 4], 101450083: [2, 3, 9, 2, 1, 3, 3, 6, 0], 102644565: [6, 2, 8, 5, 8, 5, 8, 5, 3, 0, 4], 148215639: [10, 5], 5150808: [2, 3, 3, 6, 3, 1, 4, 4, 0, 3, 0, 2, 4], 98878010: [3, 4, 4, 7, 9, 5, 4], 90882159: [2, 6, 5, 5, 2, 4, 5], 49317728: [7, 9, 7, 2, 7], 182439266: [5, 4, 3, 1, 5, 9], 86785083: [5, 2, 4, 4, 3, 3, 7, 1, 3], 94338967: [8, 1, 4, 5, 4], 11550182: [18, 11, 10, 10, 2, 8], 92949094: [8, 4, 8, 7, 10, 15, 6, 3, 0, 11, 6, 14, 7, 7, 2, 3, 5], 192914280: [3, 8, 7], 18180970: [7, 4, 5, 5, 4], 19672354: [6, 3, 5, 1, 4, 1, 3, 7, 2, 7, 0, 8, 4, 2], 89117038: [2, 4, 2, 1, 8, 9, 7, 1, 6, 8, 3], 101586543: [2, 1, 7, 2, 5, 3, 4, 3, 3, 2, 0], 170532209: [4, 3, 6, 6], 102099826: [3, 7, 4, 1, 0, 4, 4, 0, 6, 5, 5, 1, 4, 7, 1, 4, 9, 6, 7, 6, 3], 112377459: [5, 8, 5, 6, 2, 6, 4, 12, 8], 136624722: [4, 7], 50828662: [3, 9, 5, 2, 2], 87177591: [1, 4, 0, 1, 4, 0, 3], 89246836: [3, 6], 82327674: [6, 5], 93616251: [2, 5, 4, 2, 1, 6, 11, 4, 4, 5, 5, 2, 2, 6, 5, 7, 8, 6, 5, 6, 4], 53178236: [8, 7, 8, 3, 3, 6, 2, 7], 114817642: [11, 6], 89625472: [3, 2, 9, 6], 4281729: [3, 8, 2, 4, 8, 8, 8, 5, 8, 10, 1], 76482434: [3, 3, 3, 2, 7, 3, 0, 6, 3], 86727555: [7, 3, 4, 3, 3, 4, 7], 105248644: [3, 4, 4, 0, 6, 5, 7, 5, 0, 10, 0, 4, 6, 4], 134903105: [1, 9], 82262664: [3, 1, 8, 2, 7, 5, 6, 9, 9, 3, 7, 2, 5, 7, 16], 124566285: [3, 6], 103729052: [11, 6], 38628747: [11, 0, 0, 1, 4, 4, 6, 7, 7, 5, 1, 10, 5, 5], 3916428: [7, 1, 7, 2, 7, 7, 4, 5, 2], 176184718: [13, 2, 8, 9, 6, 5, 7, 11, 8, 4, 6, 1, 8, 4, 9, 5, 12, 7, 5, 4, 2, 3, 7], 123854991: [2, 8, 3, 6, 1, 0, 7], 27178898: [6, 6, 9, 1, 6, 11, 4, 2, 6, 9, 5, 14, 7, 3, 2, 5, 6], 94155156: [6, 7, 3, 5, 7, 2, 7, 6, 3, 8, 0, 6, 6, 7], 96169991: [5, 6], 93552791: [4, 11, 4, 5, 9, 5, 6, 8, 6, 5, 8, 4], 135270298: [8, 2, 6, 5], 117421467: [5, 0, 9, 7, 3, 8, 4, 12, 5, 5, 5, 0, 5, 2, 7, 9, 12, 6, 4, 4, 7, 2, 3, 3, 6], 86802844: [4, 0, 7, 3, 3, 6, 5, 10, 2, 2, 7, 3, 2], 112250781: [3, 8, 5, 4, 4, 2, 4, 6, 7, 5, 1, 6], 91369376: [1, 8, 4], 113372833: [3, 3, 7, 4, 0, 2, 6, 5, 4, 9, 4, 4, 7, 4, 0, 2, 5, 3, 5], 116585378: [3, 10, 4, 4, 2, 10, 5, 2, 4, 5, 5, 2, 2, 7, 2, 1, 6, 10, 5, 4, 2], 91460772: [4, 6, 2, 7, 7, 6, 7, 8, 7, 2, 4, 2, 4], 87278757: [6, 3, 2, 3, 4, 7, 2, 5, 4, 1, 6], 145550466: [4, 5, 5, 1, 5, 4, 1, 7, 1], 84429681: [0, 0, 3, 4, 5, 4, 6, 3, 3, 3, 2, 3, 7, 2], 117990312: [6, 7, 2, 0, 8, 6], 256269737: [5, 10, 10], 132851371: [6, 1, 2, 7, 2, 5, 8, 2, 0], 186627166: [11, 5], 86700461: [0, 1, 4, 1, 6, 3, 4, 4, 5, 6, 4, 4, 6, 2], 182993582: [4, 3, 4, 7, 7, 4, 7, 0, 4], 76173488: [2, 4, 7, 6], 70388657: [9, 2, 8, 3, 3, 6, 3, 5, 8, 7, 3, 2, 5, 6, 2, 2, 6, 2, 2, 0, 0, 1, 2], 140153524: [1, 6, 9, 7, 5, 1, 6], 95430068: [8, 3, 4, 6, 2, 14, 3, 0, 2, 5, 6, 11, 3, 1, 1, 0, 8], 221666230: [5, 6, 6, 4], 111291593: [2, 9, 5, 3, 4, 6, 2], 88933594: [6, 7, 4, 0, 2, 6, 2, 5, 3], 131237305: [3, 2, 2, 3, 3], 123737728: [1], 43276219: [3, 3, 2, 2, 4, 8, 5, 1, 2, 2], 96196828: [1, 4, 6], 75750590: [3, 8, 2, 6, 5, 6, 8, 4, 6, 9, 5, 6, 4, 9, 2, 9], 111114687: [6, 2, 6, 3, 7, 2, 8, 4, 9, 2, 5], 103735745: [2, 1, 3, 3, 6, 4, 10, 10, 3, 9, 3, 5, 3, 2], 86799300: [1, 0, 7, 0, 4, 0, 3, 2, 7, 0, 6, 1, 2, 6, 6], 89871557: [5, 6, 7, 1, 1, 5, 7, 4, 5, 5, 6, 0, 0, 2, 3, 1, 3, 4, 8, 5, 3], 86953414: [6, 3, 4, 6, 7, 9, 2, 5, 1, 9, 8, 7, 8, 2, 0, 1, 12], 90423751: [3, 7, 1, 3, 6, 2, 2, 0, 6, 3, 1, 4, 4, 8, 4, 6], 25907144: [7, 6, 1, 2, 6, 5, 8, 10, 2, 8, 0, 6, 6, 3], 111620041: [1, 5, 4, 2, 3, 5, 9], 169181898: [3, 0, 6, 4, 3, 5, 4, 10, 2, 4, 3, 0, 8, 7, 6, 5, 12, 3, 2, 3, 1, 3, 4], 250114507: [4, 5, 6, 8, 6, 11, 4], 118134220: [6, 1, 7, 3, 8, 6, 10, 6, 5, 3, 5], 12231202: [4, 4, 2, 2, 4], 107081378: [4, 3, 7, 6, 4], 41231571: [7, 2, 7, 0, 6, 5, 6, 6, 6], 20321748: [13, 14, 8, 9], 111189717: [1, 5, 3, 5, 4], 73562326: [9, 9, 5, 2, 5, 4, 8], 136477860: [5, 7], 91443418: [7, 11, 8], 88521435: [4, 7], 125581247: [2, 2, 6, 6, 2], 111034589: [7, 6, 5, 4, 4, 6, 9, 4, 9, 5, 7, 5, 5, 10, 3, 3, 8, 5, 10, 6, 5], 138885864: [9, 7], 129585121: [2, 1, 8, 3, 9, 0, 5, 0, 7, 2, 2], 123051238: [0, 9, 3, 6, 5, 1, 3, 6, 8, 7, 7, 7], 85375207: [9, 11], 113874152: [6, 14, 9], 175538337: [2], 86840554: [9, 3, 8, 10, 2, 7, 4, 5], 107855479: [2, 4, 4, 5, 6, 8, 7, 0, 3, 5, 4, 8, 4, 6, 0, 5, 6], 63703276: [7, 9, 2, 6, 7, 4, 5, 3, 4, 4, 2, 3, 3, 2, 2, 8], 142750189: [4, 3, 7, 0, 4, 0, 5], 303809009: [3, 7], 34505203: [2, 0, 7, 2, 5, 0, 8, 5, 7, 2, 7, 1, 2, 6, 8], 89137399: [6, 11, 4, 5], 41288955: [7, 2, 6, 4, 5, 5, 4, 5, 7]}"

deaths_hero,"{1: [3, 8, 0, 2, 0, 0, 1, 4, 2, 6, 0], 2: [4, 6, 9, 6, 7, 9, 10, 8, 1, 7, 14, 10, 3, 9, 4, 1, 7, 6, 2, 7, 4, 9, 9, 1, 6], 3: [11, 6, 6, 7], 5: [4, 8, 4, 12, 7, 7, 1], 6: [2, 2, 1, 7, 6, 3, 9, 1, 3, 1, 2, 1, 5, 3, 7, 1, 5, 2, 6, 4, 7, 0, 2, 4, 1, 5, 2, 0, 6, 3, 7, 7], 7: [1, 8, 5, 8], 8: [4, 7, 2, 9, 3, 3, 5, 2, 4, 1, 8, 4, 3, 3, 3, 2, 2, 5, 2, 8, 0, 4, 5, 0, 3, 2, 5, 6, 2, 11, 6, 1, 4, 4, 3, 0, 2, 0, 1, 5, 2, 3], 9: [1, 1, 2, 5, 0, 4, 2, 0, 2, 2, 1, 8, 2, 2, 3, 4, 6, 10, 5, 4, 5, 0, 2, 1, 8, 2, 3, 4, 2, 3, 1, 0, 2, 7, 5, 4], 10: [1, 4, 2, 5, 2, 6, 2, 2, 6, 7, 3, 3, 9, 1], 11: [2, 4], 12: [1, 3, 2], 13: [2, 4, 5, 6, 0, 3, 5, 8, 6, 7, 10, 5, 3], 14: [3], 15: [3, 2], 16: [7, 5, 2, 4, 6, 6, 8, 6, 1, 4, 6, 6, 2, 2, 3, 7], 17: [7, 8, 10, 6, 6, 4, 4, 2, 8, 7, 2, 4, 3, 9], 18: [3, 7, 1, 0, 6, 3, 3, 8, 8, 4, 2, 7, 7], 19: [6, 4, 7], 20: [2, 8, 7, 3, 6, 4, 2, 8, 4, 11, 4, 8, 5, 3, 5, 4, 5, 3, 3, 9, 6, 6, 7, 7], 21: [3, 4, 5], 22: [4, 5, 1, 7, 4, 5], 23: [3, 6, 8, 1, 4, 5, 3, 2, 6, 2, 7, 4, 2, 5, 6], 25: [7, 10, 6, 3], 26: [7, 8, 6, 17, 5, 1, 7, 11, 10, 7, 7, 4, 12, 6, 6, 7, 11, 9, 14, 8, 11, 8, 3, 7], 27: [13, 10, 5, 7, 2], 28: [5, 8, 2, 3, 6, 4, 2, 4, 6, 8, 11, 6, 5, 8, 4, 3, 3, 8, 3, 3, 5, 5, 6, 2, 6, 4], 29: [7, 7, 3, 6, 4, 5, 3, 4, 2, 4, 7, 5, 2, 5, 4, 3, 2, 4, 6, 2, 4, 6, 7, 6, 5, 2], 30: [7, 5, 5, 3, 0, 9, 7, 4, 6, 6, 0, 4, 4, 7, 13, 5], 31: [5, 1, 8, 5, 10, 8], 32: [3, 7, 6, 9, 7, 3, 6, 11, 9, 5, 2, 4, 5, 5, 2, 2, 7, 3, 8, 5, 10, 8, 8, 4, 6, 6], 33: [5, 8, 4, 8, 4], 34: [3, 9, 4, 4, 6, 3, 5, 2, 5, 7, 4, 0, 5, 2], 35: [9, 3], 36: [4], 37: [3, 0], 38: [8, 5, 9, 3, 6, 4, 9, 3, 9, 2, 6, 1, 4, 6, 4, 6, 3, 10, 7, 4, 1, 7, 5, 6, 8, 3, 2, 2, 5, 1, 10, 7, 9, 8, 2, 1, 5, 3, 2], 39: [3, 2, 6, 2, 7, 6, 9], 40: [6, 9, 9, 6, 0], 41: [2, 0, 1, 0, 0, 0, 5, 2, 6, 6, 2, 5, 1, 2, 1, 1, 4, 0, 1, 3, 1, 1, 3, 3, 4, 0, 5, 7, 6, 6, 7, 6, 6, 7, 5, 2, 14, 2, 7, 3, 1, 3, 1, 8, 5, 7, 4, 1, 6, 2, 4], 42: [2, 8], 43: [4, 6, 0, 3, 6, 3, 11, 2, 5, 6, 6, 6], 44: [5, 2], 45: [5, 6], 46: [3, 4, 4, 2, 2, 6, 0, 4], 47: [9], 48: [2, 8, 2, 5, 1, 3, 6, 6, 7, 6, 5, 4, 1, 2, 8], 49: [2, 4, 7, 3, 5, 5, 5, 5], 50: [4, 6, 2, 3, 3, 2, 7, 5, 2, 9, 4, 2, 7, 8, 4, 8, 5, 7, 8, 7, 6, 5, 9, 6, 2, 7, 5, 3, 6, 9, 3, 4, 4, 8, 1, 4, 5, 5, 6, 3, 9, 4], 51: [6, 8, 8, 7, 7, 6, 9], 53: [3, 1, 10, 2, 5, 5, 0], 54: [7, 3, 5, 2, 2, 0, 6, 0, 8, 0, 6, 2, 3, 5, 3, 2], 55: [6, 5, 5, 4, 1, 6, 4, 2, 6, 3, 3, 4, 2, 2, 3, 5, 3, 3, 6, 3, 3, 3, 5, 2, 4, 5, 6, 2, 1, 9], 56: [3, 4, 8, 3], 57: [5, 1], 58: [6, 0, 11, 3, 2, 5, 4, 2, 4, 7], 59: [1, 0, 14, 10, 2, 13, 0, 6, 7, 1, 3, 8, 8, 3, 1, 4], 60: [4, 9, 5, 8, 3, 10, 5, 4, 7], 61: [3, 3, 5, 6, 3, 5], 62: [5, 3, 9, 6, 8, 6, 8, 5, 7, 4, 4, 9, 6, 4, 4, 16], 63: [4, 0, 4, 4, 5], 64: [7, 5, 7], 65: [7, 2, 3, 11, 1, 3, 2, 2, 5, 4, 6, 3, 11, 1, 11, 6, 13, 5, 1, 5, 2, 4, 4, 7, 8, 2, 5, 2, 5, 5, 6, 6, 4, 7, 5, 7, 6, 6, 6, 0, 5, 4, 5, 2, 5, 4], 66: [2, 0, 3, 4, 6, 4, 1, 8, 4, 5, 5, 3], 67: [4, 7], 68: [6, 4, 5, 7, 8, 2, 4, 8, 7, 3, 7, 4, 1, 2, 6, 4], 69: [18, 8, 4, 6, 6], 70: [8, 4, 4, 6, 4, 6, 4, 2, 2], 71: [8, 7, 6, 5, 4], 72: [4, 1, 6], 73: [5, 3, 7, 4, 9, 3, 9, 6, 2, 7, 1, 2, 6, 4, 0, 1, 6], 74: [1, 1, 7, 1, 8, 6, 4, 5, 7, 8, 5, 6, 6, 2, 5, 4, 4, 7, 4, 7, 2, 6, 4], 75: [2, 7, 5], 76: [0], 77: [1, 7, 4, 1, 5], 78: [2], 79: [6, 4, 7, 6, 6, 8, 13, 6, 5, 6, 4, 5, 2, 9, 3, 6, 4, 4, 4, 6, 4, 4, 2, 2, 9, 10, 3, 8, 11, 1, 5, 5, 4, 9, 10, 8, 4, 9, 5, 4, 10, 8, 4, 7, 4, 8, 10, 1, 12, 3], 80: [2, 0, 2], 81: [6], 82: [3], 83: [7], 84: [4, 2, 6, 4, 1, 6, 7, 8, 1, 7, 4, 6, 7, 8, 6, 7, 6, 6], 85: [7, 4, 11, 4, 4, 6], 86: [8, 6, 6, 5, 1, 8, 1, 7, 4, 6, 4, 9, 4, 2, 0], 87: [4, 4, 7, 5, 10, 9, 4, 5, 2, 5, 8, 9, 8, 5, 5, 8, 2, 9, 2], 88: [2, 8, 2, 2, 6, 1, 5, 3, 8, 8], 89: [2, 3, 4, 2, 5, 4, 3, 2], 90: [6, 6, 3, 2, 5, 6, 0, 5, 8, 3, 6, 11, 1], 91: [6, 9, 0, 8, 5, 9, 1, 7, 6, 2, 14, 6, 6, 12, 3, 5, 8, 10, 10, 5, 3, 0, 8, 9, 6, 7, 6, 7, 8, 12, 6, 3, 3, 8], 92: [6, 8, 7, 5], 93: [0, 6, 1, 0, 1, 4, 6, 2, 1, 6, 2, 5, 3, 3, 1, 2, 2, 3, 0, 1, 7, 0, 8, 1], 94: [1, 0, 0, 1, 7, 0, 0, 3, 0, 5], 95: [9, 5, 6], 96: [6, 7, 3], 97: [4, 6, 0, 3, 2, 6], 98: [4, 9, 9, 3, 3, 3, 7, 1, 4, 9, 9, 2, 7, 7, 3, 5, 1, 8, 5, 3, 7, 9, 5, 6, 2, 10, 5, 3, 4, 3, 7, 5, 5, 4, 3, 0, 2, 8, 3, 10, 3, 10, 7, 6, 6, 5, 1, 6, 7, 2], 99: [2, 10, 1, 0, 6, 5, 3, 3], 100: [0], 101: [6, 13, 5, 10, 6, 2], 102: [7, 3, 7, 3, 2], 103: [3, 1, 1, 11, 5, 3, 15, 5, 3, 2, 2, 3, 5, 2, 5, 6, 0, 9, 3, 5, 10, 8, 9, 11, 2, 2, 12, 6, 7, 2, 5, 7, 5, 2, 5, 8, 0, 3], 104: [4, 0, 0, 6, 7, 7, 6], 106: [8, 2, 1, 2, 8, 5, 3, 3, 5, 5, 4, 3, 4], 107: [4, 7, 11, 7, 2, 5, 4, 7, 9, 6, 4, 9, 2, 2, 1, 6, 5, 1, 7, 2, 4, 1, 4, 3, 9, 1], 109: [3, 3, 6, 3, 3, 2, 3, 6, 5, 2, 3, 7, 2, 4, 4, 6, 4, 3, 12, 1, 3, 2, 2, 9, 8, 7, 2], 110: [7, 2, 4, 7, 6, 5, 7, 10, 2, 5, 4], 111: [3, 6, 3, 5, 3, 5, 0, 4, 4, 10, 5, 7, 5, 2, 2, 0, 8, 5, 9, 6, 5, 4, 0, 2, 9, 9, 3, 8], 112: [3, 3, 14, 5, 3, 11, 5, 4, 6, 0, 4]}"

gpm_player,"{19757254: [552, 419, 510, 515], 51684352: [405, 518], 119594755: [326, 213, 335, 452, 317, 324], 123787524: [396, 270, 351, 359, 441, 318, 288, 306], 86738694: [616, 641, 957, 542, 611, 400, 730, 687], 136186119: [261, 171], 173880329: [470, 525, 428, 659, 517, 245, 666], 103039499: [284, 199, 249, 349, 249, 201, 417], 123444610: [225, 286, 216, 273, 307, 198, 211, 230], 6922000: [178, 293, 317, 346, 255, 229, 378, 250, 184, 314, 226], 134556694: [387, 440, 371, 284, 271, 202, 366, 349, 369, 278, 220, 160, 265], 137193239: [775, 608, 545, 638, 669, 728, 656], 86878488: [156, 272, 199, 219], 93119769: [744, 714, 503, 585, 544, 645, 566, 627, 487], 26771994: [304, 325, 304, 393, 240, 372, 262, 283, 279, 412, 303, 390, 309, 209, 313], 30237211: [218, 372, 374, 427, 457, 454, 463, 394, 247, 361, 322], 158847773: [244, 191, 260, 485, 200, 188], 88719902: [459, 437, 437, 363], 87586992: [563, 559, 999, 396, 412, 620, 610, 417, 442, 504, 452, 398], 89269794: [708, 720, 345, 657, 530], 103940975: [278, 222, 269, 314, 241, 169, 357], 86698277: [318, 374, 340, 488], 131043881: [320, 281, 261, 252, 316], 168028715: [455, 350, 790, 622, 423, 566], 89550641: [400, 631, 376, 408, 441, 622, 269, 353, 236, 374, 383, 428, 383, 382, 450, 430, 433, 488, 595, 555, 437, 479, 587], 87382579: [370, 228, 349, 326, 199, 165, 182, 275, 180, 230, 416, 291, 196, 386], 94049589: [254, 248], 100317750: [612, 552, 729, 538, 417, 538, 731, 557, 603], 86725175: [740, 641, 813, 652, 570, 369, 420, 410, 535, 537, 727, 670, 445, 507], 86745912: [439, 582, 571, 527, 510, 410, 574, 605, 318, 621, 1022], 72312627: [576, 531, 782, 647, 292, 588, 439, 699, 412, 597, 394, 675, 694, 535, 661], 113331514: [211, 282, 264, 294, 288, 338, 237, 372, 278], 87276347: [393, 318, 511, 397, 333, 401, 363], 91064780: [254, 304, 346, 266, 204, 206, 240, 245, 285, 175, 167, 206, 192, 221, 237], 75201845: [644, 484, 582], 172424257: [402, 416, 509, 462, 590, 404, 464], 129467787: [661], 101495620: [501, 657, 579, 595, 544, 556, 454, 392, 632], 86750262: [636, 995], 86723143: [257, 375, 320, 381, 349, 211], 86870856: [322, 421, 421, 345, 551, 355, 343, 402, 427, 410, 354, 438, 435, 332, 500, 442], 92847434: [314, 447, 393, 409], 86974263: [178, 308, 248, 227], 106573901: [501, 645, 736, 506, 549, 608, 608, 652], 106809101: [458, 348, 254, 309, 285], 169025618: [354, 388, 380, 546, 478, 279, 372, 299, 414, 426, 434], 101450083: [667, 516, 344, 621, 486, 521, 602, 476, 567], 102644565: [253, 293, 263, 309, 272, 303, 395, 368, 464, 195, 370], 148215639: [401, 575], 5150808: [833, 681, 727, 727, 488, 513, 673, 797, 673, 463, 709, 467, 389], 98878010: [305, 436, 357, 442, 413, 351, 362], 90882159: [544, 474, 383, 454, 722, 494, 466], 49317728: [327, 410, 410, 453, 341], 182439266: [395, 380, 518, 554, 513, 305], 86785083: [387, 484, 436, 379, 456, 387, 342, 478, 272], 94338967: [416, 322, 415, 342, 376], 11550182: [251, 163, 252, 220, 250, 166], 92949094: [316, 294, 248, 242, 288, 289, 261, 275, 396, 270, 229, 284, 245, 288, 297, 285, 225], 192914280: [605, 516, 515], 18180970: [202, 254, 193, 264, 207], 19672354: [345, 428, 482, 519, 500, 572, 597, 460, 712, 616, 486, 441, 599, 623], 89117038: [371, 287, 565, 291, 266, 231, 309, 247, 275, 234, 343], 101586543: [600, 621, 468, 614, 585, 473, 592, 610, 715, 340, 671], 170532209: [456, 538, 432, 400], 102099826: [296, 226, 203, 342, 434, 269, 316, 305, 271, 295, 284, 357, 374, 209, 333, 372, 219, 176, 181, 292, 361], 112377459: [246, 253, 149, 322, 248, 395, 396, 235, 254], 136624722: [208, 440], 50828662: [278, 298, 270, 306, 208], 87177591: [487, 603, 590, 551, 338, 570, 389], 89246836: [838, 476], 82327674: [249, 321], 93616251: [402, 299, 312, 534, 475, 410, 258, 338, 399, 357, 409, 353, 393, 336, 422, 337, 428, 347, 328, 431, 453], 53178236: [711, 421, 575, 526, 498, 546, 462, 582], 114817642: [210, 185], 89625472: [499, 801, 628, 330], 4281729: [327, 237, 235, 299, 197, 207, 341, 217, 248, 245, 365], 76482434: [555, 527, 310, 459, 313, 458, 663, 278, 560], 86727555: [265, 278, 364, 265, 166, 308, 259], 105248644: [762, 432, 628, 833, 477, 661, 440, 471, 624, 445, 540, 478, 434, 668], 134903105: [212, 407], 82262664: [303, 331, 287, 371, 197, 338, 224, 289, 212, 408, 289, 388, 356, 239, 295], 124566285: [340, 434], 103729052: [294, 199], 38628747: [336, 306, 561, 562, 272, 406, 358, 398, 402, 368, 335, 291, 360, 400], 3916428: [233, 252, 215, 345, 247, 333, 293, 217, 360], 176184718: [271, 465, 375, 383, 519, 455, 204, 361, 299, 394, 430, 368, 341, 215, 293, 274, 312, 364, 377, 385, 398, 406, 276], 123854991: [569, 394, 482, 422, 505, 871, 382], 27178898: [484, 449, 391, 438, 335, 387, 392, 368, 494, 294, 331, 308, 351, 386, 474, 421, 306], 94155156: [282, 168, 344, 412, 199, 343, 221, 230, 358, 246, 319, 195, 217, 287], 96169991: [441, 431], 93552791: [254, 277, 225, 186, 207, 262, 384, 156, 200, 206, 237, 231], 135270298: [210, 384, 307, 240], 117421467: [284, 407, 226, 322, 351, 361, 181, 253, 329, 182, 301, 279, 307, 249, 375, 196, 282, 274, 419, 486, 259, 277, 316, 360, 276], 86802844: [467, 529, 400, 550, 548, 304, 384, 323, 487, 486, 339, 303, 411], 112250781: [418, 428, 394, 389, 344, 361, 399, 298, 392, 256, 435, 398], 91369376: [618, 598, 399], 113372833: [462, 417, 426, 472, 579, 563, 421, 365, 630, 601, 613, 499, 360, 746, 716, 512, 389, 529, 618], 116585378: [683, 432, 326, 404, 754, 385, 622, 637, 576, 569, 428, 569, 642, 433, 669, 574, 348, 377, 394, 714, 687], 91460772: [303, 321, 307, 366, 218, 222, 228, 290, 383, 313, 250, 173, 205], 87278757: [306, 446, 377, 390, 458, 404, 492, 289, 225, 346, 378], 145550466: [266, 204, 172, 335, 215, 283, 271, 240, 298], 84429681: [368, 384, 418, 529, 326, 326, 327, 445, 334, 347, 513, 481, 286, 325], 117990312: [330, 157, 305, 379, 178, 212], 256269737: [360, 270, 244], 132851371: [524, 692, 689, 543, 744, 518, 382, 652, 703], 186627166: [380, 306], 86700461: [547, 659, 462, 656, 355, 457, 307, 496, 339, 344, 548, 445, 424, 344], 182993582: [190, 247, 374, 317, 268, 279, 198, 419, 292], 76173488: [327, 310, 448, 428], 70388657: [320, 526, 316, 510, 532, 443, 318, 633, 373, 403, 633, 369, 332, 487, 609, 502, 466, 349, 498, 668, 555, 560, 509], 140153524: [213, 274, 189, 251, 544, 296, 212], 95430068: [669, 721, 523, 483, 782, 351, 605, 760, 590, 577, 392, 728, 728, 778, 603, 740, 407], 221666230: [527, 419, 545, 611], 111291593: [435, 316, 350, 415, 446, 313, 436], 88933594: [474, 456, 391, 664, 487, 354, 524, 599, 593], 131237305: [235, 281, 351, 208, 517], 123737728: [589], 43276219: [579, 457, 652, 776, 527, 557, 408, 402, 522, 408], 96196828: [633, 517, 780], 75750590: [226, 182, 276, 160, 329, 214, 183, 263, 247, 219, 248, 236, 259, 181, 278, 249], 111114687: [251, 273, 217, 373, 293, 263, 359, 369, 280, 169, 302], 103735745: [324, 295, 366, 372, 259, 222, 255, 220, 264, 292, 446, 338, 208, 181], 86799300: [713, 700, 671, 551, 378, 542, 475, 563, 679, 627, 657, 575, 510, 504, 695], 89871557: [652, 550, 365, 813, 473, 400, 536, 997, 731, 459, 582, 676, 643, 515, 660, 743, 585, 545, 397, 582, 586], 86953414: [297, 283, 249, 193, 283, 227, 334, 244, 398, 222, 163, 287, 238, 399, 339, 310, 174], 90423751: [251, 695, 504, 508, 440, 199, 240, 356, 354, 271, 788, 376, 250, 230, 402, 365], 25907144: [263, 137, 366, 373, 185, 363, 327, 208, 279, 280, 268, 348, 244, 296], 111620041: [698, 340, 456, 529, 278, 419, 363], 169181898: [573, 649, 431, 537, 595, 560, 349, 546, 627, 465, 1029, 472, 385, 333, 639, 496, 696, 658, 1009, 523, 551, 606, 565], 250114507: [579, 456, 549, 557, 437, 494, 473], 118134220: [404, 450, 322, 475, 356, 426, 677, 447, 488, 281, 377], 12231202: [498, 568, 525, 702, 459], 107081378: [232, 214, 187, 173, 333], 41231571: [398, 558, 455, 389, 431, 609, 512, 410, 549], 20321748: [219, 234, 368, 221], 111189717: [474, 394, 461, 405, 499], 73562326: [233, 393, 321, 286, 231, 370, 227], 136477860: [460, 349], 91443418: [281, 254, 200], 88521435: [184, 200], 125581247: [569, 467, 370, 419, 726], 111034589: [242, 199, 158, 270, 309, 253, 226, 273, 259, 163, 289, 249, 312, 188, 296, 280, 260, 177, 180, 314, 377], 138885864: [416, 420], 129585121: [718, 608, 499, 644, 550, 794, 648, 568, 508, 440, 511], 123051238: [704, 544, 572, 398, 532, 677, 561, 626, 507, 384, 553, 408], 85375207: [178, 269], 113874152: [370, 376, 278], 175538337: [523], 86840554: [511, 511, 638, 379, 572, 546, 395, 482], 107855479: [575, 545, 379, 410, 514, 355, 465, 470, 555, 548, 362, 643, 574, 571, 1054, 445, 379], 63703276: [440, 465, 731, 515, 702, 499, 570, 761, 692, 514, 609, 615, 833, 613, 638, 493], 142750189: [328, 267, 200, 338, 311, 311, 304], 303809009: [563, 557], 34505203: [403, 463, 429, 422, 292, 409, 198, 478, 343, 489, 328, 488, 366, 325, 375], 89137399: [227, 262, 319, 242], 41288955: [222, 277, 240, 248, 269, 352, 282, 174, 413]}"

deaths_team,"{'compLexity Gaming': [28, 31, 24, 12, 20], 'OG Dota2': [33, 20, 13, 9, 27, 17, 31, 35, 14, 38, 1, 34, 27, 21], 'iG.Vitality': [6, 38, 38, 9, 22, 30, 14], 'Team Secret': [31, 16, 12, 15, 20, 36, 12, 23, 14, 8, 14], 'Alliance': [28, 9, 25, 8, 30, 26, 18, 27, 19], 'Natus Vincere': [35, 5, 37, 29, 17, 25, 26, 51, 28, 30, 23, 4, 29, 25, 31, 26, 45, 19, 14, 13, 5, 13, 16], 'Kaipi': [31, 46, 36, 29], 'MVP Phoenix': [20, 28, 32, 11, 16, 26, 12, 33, 14], 'Polarity Dota 2': [30, 14, 35, 33, 32], 'Mineski.Sports5': [22, 51, 38], 'CDEC.Avengers': [44, 29], 'Friendship, Dedication, Love': [23, 29, 32, 37], 'Team. Spirit': [22, 30, 34, 29], 'Fnatic': [20, 34, 24, 12, 8, 31, 36, 14, 28, 25, 28, 10, 13, 32, 14, 16, 34, 31, 35, 27, 17], 'CDEC Gaming': [12, 27, 28, 25, 21, 10, 27], 'Team Liquid': [11, 15, 31, 8, 27, 6, 24, 24, 47, 8, 37, 9, 15, 35, 45], 'FlipSid3 Tactics': [61, 27, 46, 43, 12, 34, 26, 30], 'the wings gaming': [22, 7, 36, 16, 37, 16, 35, 18, 27, 9, 16], 'Team Empire': [23, 9, 18, 27, 19, 18, 32, 4, 11], 'friends': [18, 21, 28, 31, 14, 23, 40, 30, 32, 33], 'Team AD FINEM': [30, 20, 29, 25, 31, 57, 22, 10, 12, 39, 29, 54, 29, 19, 5, 14, 37], 'EHOME.KEEN': [22, 23, 18, 15, 34, 34], 'Digital Chaos': [5, 6, 15, 16, 27, 21, 34, 31, 18, 30, 14, 18, 27, 13], 'Team Braveheart': [12, 38], '_PowerRangers': [21, 35, 9, 28, 31, 21, 30, 13, 27, 26, 15, 25, 21, 29, 15, 33], 'Evil Geniuses': [22, 24, 14, 9, 18, 15, 29], 'TongFu|': [20, 32], 'Vega Squadron': [23, 16, 19, 27, 28, 27, 28, 35, 17, 22, 20, 15, 22], 'Escape Gaming': [10, 19, 11, 12, 40, 37, 30, 21, 28, 31, 11], 'CDEC.Youth': [18, 16, 24, 28, 17], 'Virtus.pro': [50, 38]}"

shortest_win_team,821

team_lost,"{'compLexity Gaming': 4, 'OG Dota2': 7, 'Mineski.Sports5': 2, 'Team Secret': 4, 'Alliance': 4, 'Natus Vincere': 9, 'Kaipi': 4, 'MVP Phoenix': 2, 'Polarity Dota 2': 3, 'TongFu|': 2, 'CDEC.Avengers': 1, 'Team. Spirit': 2, 'Fnatic': 10, 'Vega Squadron': 5, 'CDEC Gaming': 4, 'Friendship, Dedication, Love': 4, 'FlipSid3 Tactics': 7, 'the wings gaming': 3, 'Team Empire': 2, 'friends': 6, 'Team AD FINEM': 8, 'EHOME.KEEN': 4, 'Digital Chaos': 8, 'Team Braveheart': 1, '_PowerRangers': 9, 'Team Liquid': 5, 'Evil Geniuses': 4, 'iG.Vitality': 3, 'Escape Gaming': 5, 'CDEC.Youth': 4, 'Virtus.pro': 2}"

played_hero,"{1: 11, 2: 25, 3: 4, 5: 7, 6: 32, 7: 4, 8: 42, 9: 36, 10: 14, 11: 2, 12: 3, 13: 13, 14: 1, 15: 2, 16: 16, 17: 14, 18: 13, 19: 3, 20: 24, 21: 3, 22: 6, 23: 15, 25: 4, 26: 24, 27: 5, 28: 26, 29: 26, 30: 16, 31: 6, 32: 26, 33: 5, 34: 14, 35: 2, 36: 1, 37: 2, 38: 39, 39: 7, 40: 5, 41: 51, 42: 2, 43: 12, 44: 2, 45: 2, 46: 8, 47: 1, 48: 15, 49: 8, 50: 42, 51: 7, 53: 7, 54: 16, 55: 30, 56: 4, 57: 2, 58: 10, 59: 16, 60: 9, 61: 6, 62: 16, 63: 5, 64: 3, 65: 46, 66: 12, 67: 2, 68: 16, 69: 5, 70: 9, 71: 5, 72: 3, 73: 17, 74: 23, 75: 3, 76: 1, 77: 5, 78: 1, 79: 50, 80: 3, 81: 1, 82: 1, 83: 1, 84: 18, 85: 6, 86: 15, 87: 19, 88: 10, 89: 8, 90: 13, 91: 34, 92: 4, 93: 24, 94: 10, 95: 3, 96: 3, 97: 6, 98: 50, 99: 8, 100: 1, 101: 6, 102: 5, 103: 38, 104: 7, 106: 13, 107: 26, 109: 27, 110: 11, 111: 28, 112: 11}"

assists_hero,"{1: [1, 8, 9, 13, 8, 15, 3, 4, 9, 1, 11], 2: [7, 11, 7, 6, 10, 7, 2, 9, 12, 9, 15, 14, 5, 2, 13, 2, 14, 5, 12, 5, 1, 8, 5, 7, 6], 3: [10, 6, 13, 10], 5: [13, 24, 7, 29, 4, 15, 23], 6: [12, 2, 17, 2, 4, 15, 13, 9, 15, 22, 10, 8, 17, 11, 12, 3, 2, 1, 6, 18, 1, 2, 9, 4, 5, 10, 6, 12, 7, 10, 6, 7], 7: [20, 13, 7, 5], 8: [6, 11, 12, 11, 9, 1, 11, 8, 6, 8, 3, 5, 1, 2, 10, 11, 24, 1, 12, 12, 7, 11, 7, 10, 18, 15, 9, 2, 0, 16, 3, 14, 7, 5, 6, 8, 1, 7, 10, 15, 12, 5], 9: [6, 9, 13, 12, 10, 19, 18, 6, 7, 16, 23, 11, 5, 15, 18, 14, 17, 25, 2, 22, 12, 8, 8, 11, 14, 12, 4, 5, 10, 5, 17, 12, 0, 4, 7, 7], 10: [4, 10, 13, 4, 8, 8, 9, 13, 12, 2, 5, 7, 10, 0], 11: [3, 17], 12: [16, 5, 9], 13: [26, 17, 1, 6, 16, 12, 9, 20, 9, 1, 18, 7, 23], 14: [10], 15: [11, 10], 16: [10, 13, 8, 7, 25, 6, 3, 14, 9, 6, 25, 8, 12, 19, 14, 8], 17: [2, 4, 5, 2, 5, 7, 16, 14, 10, 5, 10, 2, 14, 7], 18: [10, 6, 11, 3, 9, 3, 4, 4, 5, 13, 16, 8, 8], 19: [13, 4, 14], 20: [10, 9, 6, 17, 4, 12, 16, 29, 6, 3, 7, 3, 2, 9, 15, 11, 4, 4, 4, 4, 13, 9, 8, 9], 21: [20, 16, 2], 22: [40, 12, 12, 10, 6, 15], 23: [9, 12, 7, 5, 1, 26, 8, 9, 9, 3, 9, 8, 11, 20, 6], 25: [21, 3, 2, 7], 26: [10, 0, 16, 12, 18, 13, 10, 13, 2, 7, 13, 10, 8, 14, 13, 8, 17, 4, 18, 12, 10, 10, 2, 13], 27: [12, 10, 13, 17, 5], 28: [6, 1, 14, 2, 23, 22, 10, 7, 7, 8, 5, 2, 19, 7, 13, 14, 8, 7, 12, 10, 7, 7, 26, 23, 10, 6], 29: [9, 6, 21, 21, 3, 5, 20, 19, 14, 11, 5, 6, 23, 8, 8, 8, 6, 19, 13, 0, 7, 7, 13, 23, 11, 10], 30: [7, 28, 8, 11, 11, 13, 16, 2, 12, 8, 23, 24, 9, 12, 5, 9], 31: [14, 11, 8, 17, 9, 7], 32: [3, 12, 28, 8, 10, 18, 6, 14, 3, 15, 9, 14, 9, 12, 0, 17, 33, 12, 7, 18, 6, 17, 8, 17, 15, 4], 33: [16, 7, 14, 10, 12], 34: [2, 14, 1, 9, 2, 2, 14, 6, 7, 7, 13, 6, 11, 15], 35: [23, 4], 36: [5], 37: [10, 1], 38: [15, 11, 16, 4, 8, 1, 10, 6, 10, 9, 3, 14, 16, 13, 5, 11, 12, 5, 9, 8, 11, 2, 7, 15, 7, 0, 12, 15, 21, 9, 4, 4, 6, 12, 13, 7, 10, 12, 3], 39: [1, 14, 5, 11, 4, 5, 4], 40: [13, 35, 19, 11, 10], 41: [13, 13, 11, 17, 22, 14, 15, 8, 14, 6, 10, 9, 18, 14, 13, 16, 9, 13, 5, 8, 16, 18, 19, 13, 13, 16, 25, 10, 14, 26, 17, 5, 11, 15, 14, 18, 27, 10, 4, 18, 14, 13, 8, 5, 9, 12, 8, 20, 14, 7, 18], 42: [10, 12], 43: [0, 21, 13, 5, 1, 15, 8, 6, 10, 6, 2, 14], 44: [10, 10], 45: [10, 11], 46: [4, 11, 13, 13, 7, 6, 8, 6], 47: [8], 48: [10, 1, 12, 6, 5, 4, 4, 3, 22, 4, 5, 15, 13, 15, 6], 49: [8, 18, 5, 9, 4, 10, 18, 6], 50: [13, 19, 9, 17, 14, 11, 4, 15, 10, 15, 10, 17, 3, 8, 17, 13, 7, 14, 3, 11, 2, 5, 21, 2, 16, 7, 10, 10, 11, 7, 18, 5, 24, 7, 16, 13, 4, 12, 14, 24, 12, 4], 51: [8, 14, 13, 7, 9, 6, 7], 53: [13, 8, 27, 17, 10, 4, 16], 54: [4, 4, 11, 5, 11, 9, 20, 5, 10, 7, 10, 11, 7, 4, 8, 14], 55: [35, 6, 4, 8, 6, 7, 19, 11, 11, 13, 6, 2, 22, 16, 20, 5, 1, 39, 12, 23, 3, 17, 13, 8, 20, 21, 4, 6, 14, 6], 56: [12, 2, 8, 15], 57: [5, 16], 58: [2, 12, 17, 10, 7, 5, 16, 9, 6, 7], 59: [5, 9, 8, 8, 4, 6, 5, 1, 7, 6, 6, 5, 3, 10, 3, 6], 60: [11, 18, 22, 8, 5, 12, 23, 15, 17], 61: [4, 4, 10, 4, 4, 10], 62: [13, 13, 12, 10, 29, 20, 16, 5, 25, 21, 26, 13, 29, 20, 23, 19], 63: [0, 15, 7, 6, 6], 64: [13, 5, 19], 65: [10, 4, 15, 8, 6, 13, 15, 11, 14, 20, 25, 12, 9, 15, 14, 4, 21, 10, 16, 6, 21, 7, 2, 12, 17, 15, 31, 6, 9, 6, 17, 4, 15, 25, 8, 14, 9, 18, 6, 10, 10, 12, 23, 6, 21, 5], 66: [8, 6, 3, 5, 13, 14, 11, 13, 14, 6, 19, 21], 67: [3, 15], 68: [9, 17, 16, 9, 26, 17, 12, 19, 4, 14, 5, 16, 11, 21, 13, 8], 69: [11, 11, 22, 7, 20], 70: [10, 2, 3, 11, 9, 13, 11, 7, 3], 71: [40, 7, 7, 24, 15], 72: [11, 10, 12], 73: [5, 8, 9, 6, 7, 17, 4, 3, 10, 2, 15, 17, 4, 1, 5, 8, 5], 74: [8, 13, 11, 15, 8, 10, 3, 8, 8, 6, 9, 12, 5, 23, 19, 6, 13, 9, 9, 5, 14, 15, 15], 75: [7, 16, 19], 76: [7], 77: [11, 15, 21, 4, 7], 78: [9], 79: [11, 1, 10, 11, 11, 5, 10, 4, 10, 5, 7, 12, 9, 10, 9, 15, 13, 8, 17, 11, 5, 14, 13, 6, 16, 10, 18, 8, 15, 9, 9, 1, 16, 12, 8, 5, 15, 13, 19, 10, 7, 7, 11, 8, 4, 1, 7, 13, 6, 7], 80: [11, 10, 12], 81: [9], 82: [3], 83: [7], 84: [10, 6, 7, 14, 11, 19, 2, 8, 11, 8, 22, 4, 5, 10, 8, 17, 3, 5], 85: [4, 3, 18, 2, 19, 16], 86: [25, 3, 28, 12, 19, 16, 22, 22, 8, 21, 10, 8, 7, 2, 8], 87: [14, 12, 5, 25, 20, 11, 4, 9, 16, 6, 15, 22, 11, 20, 5, 7, 22, 16, 8], 88: [17, 0, 8, 9, 7, 13, 2, 7, 18, 12], 89: [11, 19, 16, 13, 16, 5, 15, 5], 90: [15, 4, 16, 3, 16, 5, 18, 4, 15, 22, 7, 13, 13], 91: [4, 10, 13, 16, 12, 8, 11, 23, 18, 18, 2, 11, 13, 26, 14, 8, 3, 6, 18, 10, 14, 6, 17, 23, 19, 5, 6, 15, 5, 8, 11, 20, 16, 14], 92: [1, 10, 4, 4], 93: [7, 27, 12, 8, 7, 9, 2, 10, 8, 6, 8, 3, 15, 7, 9, 3, 1, 4, 9, 6, 10, 3, 15, 6], 94: [8, 11, 15, 11, 11, 6, 3, 7, 8, 4], 95: [23, 13, 8], 96: [13, 8, 13], 97: [18, 21, 14, 0, 13, 12], 98: [7, 4, 16, 10, 5, 12, 0, 12, 11, 11, 17, 12, 1, 17, 8, 5, 11, 8, 5, 10, 3, 8, 13, 6, 18, 1, 11, 13, 2, 6, 12, 7, 7, 1, 9, 11, 12, 22, 11, 5, 15, 0, 8, 9, 3, 7, 9, 3, 2, 9], 99: [17, 17, 14, 15, 10, 12, 7, 10], 100: [6], 101: [13, 6, 3, 28, 12, 14], 102: [12, 22, 16, 2, 16], 103: [11, 11, 23, 3, 16, 14, 11, 15, 12, 13, 19, 13, 14, 10, 20, 25, 25, 12, 14, 11, 16, 31, 19, 9, 4, 14, 33, 9, 24, 12, 6, 21, 5, 12, 6, 16, 16, 12], 104: [13, 5, 10, 10, 5, 16, 11], 106: [27, 5, 13, 12, 10, 6, 11, 10, 2, 16, 19, 11, 14], 107: [16, 12, 16, 5, 17, 10, 14, 6, 10, 16, 13, 11, 11, 18, 11, 5, 21, 15, 12, 8, 10, 10, 18, 11, 7, 17], 109: [10, 1, 4, 2, 8, 7, 5, 3, 4, 9, 20, 23, 6, 2, 5, 13, 8, 6, 13, 17, 9, 2, 4, 7, 10, 6, 11], 110: [27, 15, 5, 19, 5, 13, 33, 7, 8, 16, 17], 111: [6, 13, 22, 10, 14, 9, 13, 14, 15, 10, 7, 18, 9, 12, 16, 5, 19, 15, 15, 7, 8, 12, 6, 9, 10, 6, 14, 11], 112: [6, 17, 9, 5, 12, 2, 5, 16, 5, 22, 10]}"

kill_player,"{19757254: [5, 5, 5, 7], 51684352: [4, 12], 119594755: [10, 0, 1, 2, 3, 1], 123787524: [3, 0, 4, 2, 7, 1, 0, 0], 86738694: [9, 10, 5, 5, 7, 4, 5, 5], 136186119: [2, 1], 173880329: [3, 10, 5, 9, 6, 1, 10], 103039499: [2, 4, 3, 5, 2, 4, 7], 123444610: [2, 3, 1, 3, 2, 1, 0, 2], 6922000: [0, 5, 3, 2, 2, 6, 5, 3, 0, 5, 1], 134556694: [5, 12, 2, 2, 2, 2, 10, 1, 3, 3, 5, 0, 3], 137193239: [8, 3, 1, 11, 22, 5, 13], 86878488: [0, 3, 3, 2], 93119769: [9, 4, 2, 10, 11, 11, 6, 9, 4], 26771994: [5, 4, 1, 4, 2, 5, 1, 4, 5, 4, 5, 3, 5, 2, 1], 30237211: [1, 1, 4, 1, 4, 2, 3, 3, 0, 4, 1], 158847773: [1, 0, 2, 8, 4, 2], 88719902: [5, 7, 3, 2], 87586992: [3, 10, 8, 5, 3, 6, 7, 4, 5, 7, 8, 5], 89269794: [18, 5, 4, 3, 12], 103940975: [2, 3, 1, 2, 2, 1, 2], 86698277: [3, 10, 3, 6], 131043881: [1, 2, 2, 0, 1], 168028715: [6, 0, 3, 8, 6, 1], 89550641: [6, 12, 4, 9, 4, 10, 2, 5, 2, 3, 1, 3, 7, 3, 4, 2, 8, 7, 12, 7, 0, 12, 5], 87382579: [3, 1, 4, 2, 0, 0, 2, 3, 0, 3, 4, 5, 1, 5], 94049589: [1, 1], 100317750: [9, 14, 9, 7, 10, 12, 18, 6, 13], 86725175: [11, 9, 11, 10, 4, 2, 2, 1, 3, 10, 13, 10, 1, 2], 86745912: [2, 10, 8, 9, 7, 7, 5, 10, 2, 5, 4], 72312627: [5, 7, 12, 7, 4, 4, 1, 9, 10, 3, 7, 10, 4, 4, 14], 113331514: [1, 0, 2, 2, 5, 2, 4, 3, 1], 87276347: [4, 0, 13, 1, 2, 3, 3], 91064780: [0, 2, 9, 4, 1, 3, 1, 0, 4, 3, 1, 0, 1, 1, 2], 75201845: [2, 13, 9], 172424257: [1, 3, 4, 4, 7, 5, 4], 129467787: [15], 101495620: [5, 4, 4, 8, 9, 9, 3, 4, 8], 86750262: [9, 8], 86723143: [3, 7, 0, 4, 11, 4], 86870856: [2, 1, 5, 1, 16, 0, 6, 3, 4, 8, 7, 5, 3, 1, 7, 4], 92847434: [2, 9, 5, 2], 86974263: [2, 3, 1, 3], 106573901: [3, 8, 11, 4, 9, 11, 10, 0], 106809101: [8, 4, 10, 3, 3], 169025618: [2, 3, 3, 4, 5, 6, 8, 2, 4, 3, 1], 101450083: [20, 9, 3, 6, 3, 23, 12, 5, 7], 102644565: [1, 1, 2, 4, 5, 2, 7, 3, 6, 0, 5], 148215639: [6, 10], 5150808: [12, 6, 6, 14, 7, 0, 6, 17, 18, 5, 4, 3, 2], 98878010: [0, 8, 1, 4, 2, 3, 0], 90882159: [9, 6, 6, 7, 13, 6, 4], 49317728: [3, 5, 2, 4, 2], 182439266: [4, 4, 5, 15, 8, 5], 86785083: [1, 8, 3, 0, 4, 1, 2, 2, 1], 94338967: [10, 1, 7, 1, 7], 11550182: [2, 1, 5, 1, 1, 1], 92949094: [7, 8, 4, 2, 3, 8, 3, 4, 7, 2, 0, 6, 0, 0, 3, 3, 4], 192914280: [9, 10, 5], 18180970: [2, 3, 1, 3, 0], 19672354: [1, 2, 4, 1, 3, 13, 5, 5, 10, 12, 5, 4, 1, 14], 89117038: [3, 1, 9, 2, 3, 1, 2, 2, 1, 1, 2], 101586543: [11, 3, 5, 14, 9, 6, 19, 8, 9, 0, 15], 170532209: [2, 8, 5, 1], 102099826: [3, 4, 0, 6, 9, 1, 2, 2, 1, 2, 2, 4, 4, 2, 5, 5, 4, 2, 3, 5, 2], 112377459: [3, 5, 1, 2, 2, 6, 4, 1, 4], 136624722: [4, 15], 50828662: [3, 8, 0, 3, 1], 87177591: [3, 4, 11, 6, 0, 8, 1], 89246836: [7, 3], 82327674: [0, 4], 93616251: [5, 2, 1, 2, 2, 3, 2, 3, 5, 0, 1, 3, 5, 3, 4, 5, 3, 1, 0, 2, 0], 53178236: [14, 3, 13, 8, 7, 3, 1, 7], 114817642: [1, 3], 89625472: [4, 9, 14, 2], 4281729: [4, 1, 2, 3, 1, 2, 5, 4, 2, 4, 1], 76482434: [9, 4, 4, 4, 4, 6, 4, 1, 7], 86727555: [2, 2, 6, 1, 0, 7, 6], 105248644: [7, 3, 15, 17, 9, 10, 15, 4, 11, 20, 2, 4, 9, 12], 134903105: [3, 3], 82262664: [2, 7, 2, 1, 1, 3, 4, 3, 1, 5, 1, 4, 5, 3, 3], 124566285: [3, 5], 103729052: [2, 1], 38628747: [5, 0, 8, 2, 2, 3, 3, 4, 2, 8, 1, 3, 0, 3], 3916428: [3, 2, 1, 8, 3, 4, 3, 2, 1], 176184718: [3, 3, 2, 7, 5, 7, 0, 5, 3, 4, 5, 4, 3, 0, 4, 0, 5, 3, 2, 1, 3, 2, 4], 123854991: [9, 6, 3, 13, 4, 17, 1], 27178898: [8, 4, 5, 3, 2, 11, 4, 3, 6, 4, 1, 3, 3, 2, 5, 3, 2], 94155156: [3, 1, 0, 5, 0, 0, 1, 0, 1, 4, 1, 0, 3, 6], 96169991: [5, 5], 93552791: [1, 5, 1, 0, 1, 2, 7, 0, 0, 2, 1, 2], 135270298: [3, 6, 3, 4], 117421467: [5, 3, 2, 2, 1, 2, 0, 3, 1, 1, 4, 3, 5, 2, 5, 2, 5, 3, 5, 7, 8, 1, 2, 3, 0], 86802844: [5, 7, 3, 6, 14, 2, 2, 2, 4, 3, 4, 0, 4], 112250781: [6, 6, 1, 3, 3, 0, 2, 1, 3, 1, 6, 4], 91369376: [8, 13, 2], 113372833: [2, 4, 0, 4, 11, 6, 4, 2, 14, 16, 22, 7, 2, 11, 2, 8, 6, 3, 14], 116585378: [12, 6, 0, 2, 13, 2, 16, 4, 8, 10, 7, 3, 5, 2, 6, 7, 2, 4, 4, 13, 9], 91460772: [3, 1, 0, 7, 0, 1, 3, 6, 2, 4, 0, 1, 1], 87278757: [1, 6, 2, 3, 9, 8, 2, 2, 1, 1, 2], 145550466: [3, 1, 1, 2, 2, 2, 1, 1, 2], 84429681: [1, 2, 5, 6, 4, 1, 1, 9, 2, 0, 2, 6, 0, 1], 117990312: [1, 0, 1, 4, 0, 1], 256269737: [1, 1, 5], 132851371: [6, 8, 6, 4, 11, 5, 1, 2, 13], 186627166: [6, 1], 86700461: [3, 13, 3, 9, 2, 1, 0, 9, 2, 1, 8, 4, 3, 5], 182993582: [1, 1, 8, 5, 5, 4, 1, 5, 3], 76173488: [1, 2, 3, 2], 70388657: [3, 2, 2, 11, 9, 5, 0, 7, 5, 3, 17, 2, 2, 2, 9, 6, 14, 2, 8, 15, 3, 5, 4], 140153524: [1, 6, 1, 5, 6, 2, 2], 95430068: [16, 9, 13, 0, 29, 5, 10, 7, 6, 2, 1, 16, 14, 9, 6, 16, 1], 221666230: [0, 1, 5, 12], 111291593: [8, 0, 3, 4, 1, 0, 6], 88933594: [2, 8, 2, 11, 10, 2, 7, 7, 10], 131237305: [3, 2, 3, 1, 5], 123737728: [3], 43276219: [2, 5, 11, 9, 6, 8, 1, 2, 11, 5], 96196828: [11, 4, 1], 75750590: [0, 1, 3, 0, 6, 6, 3, 1, 4, 3, 4, 0, 1, 0, 1, 3], 111114687: [6, 2, 1, 6, 5, 2, 5, 10, 2, 1, 7], 103735745: [3, 4, 4, 4, 2, 4, 3, 2, 1, 2, 3, 7, 2, 0], 86799300: [6, 9, 9, 6, 1, 10, 2, 9, 14, 11, 8, 7, 10, 1, 9], 89871557: [10, 0, 4, 14, 6, 6, 2, 5, 12, 1, 5, 6, 7, 6, 8, 10, 2, 5, 3, 5, 13], 86953414: [8, 4, 4, 1, 4, 1, 0, 4, 4, 2, 0, 5, 2, 12, 3, 1, 2], 90423751: [5, 3, 6, 6, 12, 2, 1, 3, 1, 8, 1, 10, 4, 3, 11, 10], 25907144: [5, 0, 6, 0, 2, 1, 4, 5, 1, 2, 0, 4, 2, 2], 111620041: [10, 4, 7, 7, 0, 4, 4], 169181898: [3, 4, 6, 7, 12, 9, 3, 13, 4, 1, 1, 4, 3, 1, 13, 3, 21, 8, 7, 5, 7, 15, 13], 250114507: [15, 7, 8, 3, 2, 5, 3], 118134220: [10, 6, 2, 3, 6, 7, 9, 3, 9, 0, 4], 12231202: [9, 3, 7, 13, 5], 107081378: [5, 2, 1, 0, 3], 41231571: [6, 9, 7, 5, 6, 11, 8, 1, 8], 20321748: [5, 4, 1, 3], 111189717: [1, 2, 6, 9, 13], 73562326: [1, 2, 3, 1, 2, 5, 0], 136477860: [3, 2], 91443418: [4, 3, 0], 88521435: [1, 2], 125581247: [3, 1, 1, 4, 10], 111034589: [5, 1, 0, 2, 3, 5, 3, 2, 4, 0, 7, 2, 2, 2, 3, 3, 3, 2, 2, 7, 8], 138885864: [5, 4], 129585121: [5, 7, 3, 9, 4, 8, 9, 11, 9, 0, 3], 123051238: [18, 6, 8, 6, 5, 13, 11, 4, 3, 0, 10, 3], 85375207: [1, 4], 113874152: [0, 11, 2], 175538337: [4], 86840554: [9, 2, 11, 3, 12, 12, 2, 8], 107855479: [11, 4, 4, 3, 5, 5, 0, 6, 13, 6, 4, 15, 7, 19, 7, 6, 2], 63703276: [2, 7, 5, 2, 19, 6, 0, 6, 9, 3, 8, 4, 14, 5, 11, 12], 142750189: [1, 1, 3, 3, 3, 5, 5], 303809009: [6, 0], 34505203: [3, 8, 5, 2, 1, 4, 1, 6, 7, 2, 6, 3, 2, 5, 5], 89137399: [0, 2, 4, 1], 41288955: [0, 3, 1, 2, 5, 4, 1, 1, 6]}"
